loc,v(g),ev(g),iv(g),n,v,l,d,i,e,b,t,lOCode,lOComment,lOBlank,locCodeAndComment,uniq_Op,uniq_Opnd,total_Op,total_Opnd,branchCount,defects
1.1,1.4,1.4,1.4,1.3,1.3,1.3,1.3,1.3,1.3,1.3,1.3,2.0,2.0,2.0,2.0,1.2,1.2,1.2,1.2,1.4,b'false'
1.0,1.0,1.0,1.0,1.0,1.0,1.0,1.0,1.0,1.0,1.0,1.0,1.0,1.0,1.0,1.0,1.0,1.0,1.0,1.0,1.0,b'true'
24.0,5.0,1.0,3.0,63.0,309.13,0.11,9.5,32.54,2936.77,0.1,163.15,1.0,0.0,6.0,0.0,15.0,15.0,44.0,19.0,9.0,b'false'
20.0,4.0,4.0,2.0,47.0,215.49,0.06,16.0,13.47,3447.89,0.07,191.55,0.0,0.0,3.0,0.0,16.0,8.0,31.0,16.0,7.0,b'false'
24.0,6.0,6.0,2.0,72.0,346.13,0.06,17.33,19.97,5999.58,0.12,333.31,0.0,0.0,3.0,0.0,16.0,12.0,46.0,26.0,11.0,b'false'
24.0,6.0,6.0,2.0,72.0,346.13,0.06,17.33,19.97,5999.58,0.12,333.31,0.0,0.0,3.0,0.0,16.0,12.0,46.0,26.0,11.0,b'false'
7.0,1.0,1.0,1.0,11.0,34.87,0.5,2.0,17.43,69.74,0.01,3.87,0.0,0.0,1.0,0.0,4.0,5.0,6.0,5.0,1.0,b'false'
12.0,2.0,1.0,2.0,23.0,94.01,0.16,6.43,14.62,604.36,0.03,33.58,0.0,0.0,7.0,0.0,10.0,7.0,14.0,9.0,3.0,b'false'
25.0,5.0,5.0,5.0,107.0,548.83,0.07,14.25,38.51,7820.87,0.18,434.49,12.0,16.0,13.0,0.0,15.0,20.0,69.0,38.0,9.0,b'false'
46.0,15.0,3.0,1.0,239.0,1362.41,0.04,22.3,61.1,30377.95,0.45,1687.66,8.0,35.0,22.0,0.0,15.0,37.0,129.0,110.0,29.0,b'false'
34.0,5.0,5.0,1.0,155.0,856.15,0.05,20.76,41.24,17773.08,0.29,987.39,11.0,28.0,16.0,0.0,19.0,27.0,96.0,59.0,9.0,b'false'
10.0,2.0,1.0,1.0,35.0,143.06,0.11,9.0,15.9,1287.55,0.05,71.53,2.0,4.0,4.0,0.0,9.0,8.0,19.0,16.0,3.0,b'false'
23.0,7.0,5.0,1.0,157.0,770.38,0.04,28.12,27.4,21659.58,0.26,1203.31,10.0,17.0,23.0,0.0,17.0,13.0,114.0,43.0,13.0,b'false'
23.0,7.0,5.0,1.0,105.0,474.97,0.04,27.22,17.45,12929.85,0.16,718.32,10.0,17.0,23.0,0.0,14.0,9.0,70.0,35.0,13.0,b'false'
31.0,5.0,1.0,2.0,231.0,1303.73,0.04,27.5,47.41,35852.6,0.43,1991.81,2.0,15.0,40.0,0.0,22.0,28.0,161.0,70.0,9.0,b'false'
24.0,5.0,1.0,2.0,120.0,655.13,0.07,15.2,43.1,9958.0,0.22,553.22,3.0,20.0,23.0,0.0,19.0,25.0,80.0,40.0,9.0,b'false'
13.0,2.0,1.0,1.0,57.0,271.03,0.11,9.15,29.61,2480.95,0.09,137.83,6.0,5.0,8.0,0.0,14.0,13.0,40.0,17.0,3.0,b'false'
6.0,1.0,1.0,1.0,15.0,55.51,0.25,4.0,13.88,222.03,0.02,12.33,1.0,1.0,2.0,0.0,8.0,5.0,10.0,5.0,1.0,b'false'
33.0,2.0,1.0,2.0,135.0,745.68,0.09,11.65,64.01,8684.99,0.25,482.5,2.0,0.0,19.0,0.0,12.0,34.0,69.0,66.0,3.0,b'false'
6.0,1.0,1.0,1.0,15.0,55.51,0.25,4.0,13.88,222.03,0.02,12.33,1.0,1.0,0.0,0.0,8.0,5.0,10.0,5.0,1.0,b'false'
7.0,2.0,1.0,1.0,27.0,105.49,0.08,12.0,8.79,1265.83,0.04,70.32,0.0,0.0,1.0,0.0,10.0,5.0,15.0,12.0,3.0,b'false'
3.0,1.0,1.0,1.0,14.0,48.43,0.23,4.38,11.07,211.89,0.02,11.77,0.0,0.0,0.0,0.0,7.0,4.0,9.0,5.0,1.0,b'false'
7.0,1.0,1.0,1.0,29.0,110.41,0.21,4.88,22.65,538.26,0.04,29.9,0.0,0.0,0.0,0.0,6.0,8.0,16.0,13.0,1.0,b'false'
9.0,3.0,1.0,1.0,41.0,170.97,0.07,14.14,12.09,2417.96,0.06,134.33,0.0,0.0,1.0,0.0,11.0,7.0,23.0,18.0,5.0,b'false'
11.0,3.0,1.0,1.0,49.0,215.22,0.07,14.67,14.67,3156.61,0.07,175.37,0.0,0.0,1.0,0.0,12.0,9.0,27.0,22.0,5.0,b'false'
4.0,1.0,1.0,1.0,13.0,39.0,0.33,3.0,13.0,117.0,0.01,6.5,0.0,0.0,0.0,0.0,4.0,4.0,7.0,6.0,1.0,b'false'
3.0,1.0,1.0,1.0,7.0,19.65,0.4,2.5,7.86,49.13,0.01,2.73,0.0,0.0,0.0,0.0,5.0,2.0,5.0,2.0,1.0,b'false'
16.0,4.0,1.0,1.0,77.0,370.17,0.05,19.62,18.87,7260.95,0.12,403.39,11.0,30.0,7.0,0.0,15.0,13.0,43.0,34.0,7.0,b'false'
65.0,12.0,1.0,1.0,541.0,3327.01,0.02,42.02,79.18,139798.54,1.11,7766.59,5.0,95.0,33.0,0.0,19.0,52.0,311.0,230.0,23.0,b'false'
177.0,41.0,6.0,23.0,767.0,5580.79,0.02,54.82,101.81,305928.62,1.86,16996.03,63.0,31.0,134.0,0.0,45.0,110.0,499.0,268.0,60.0,b'false'
14.0,5.0,1.0,3.0,41.0,185.47,0.07,15.0,12.36,2781.99,0.06,154.56,4.0,5.0,9.0,0.0,15.0,8.0,25.0,16.0,8.0,b'false'
361.0,70.0,27.0,46.0,1844.0,15345.64,0.01,97.73,157.03,1499684.32,5.12,83315.8,37.0,191.0,164.0,0.0,69.0,251.0,1133.0,711.0,110.0,b'false'
76.0,13.0,7.0,10.0,298.0,1948.67,0.03,32.21,60.5,62767.66,0.65,3487.09,3.0,48.0,27.0,0.0,36.0,57.0,196.0,102.0,24.0,b'false'
31.0,1.0,1.0,1.0,461.0,2653.0,0.04,22.83,116.21,60566.12,0.88,3364.78,0.0,10.0,4.0,0.0,13.0,41.0,317.0,144.0,1.0,b'false'
20.0,3.0,1.0,3.0,71.0,351.75,0.1,10.29,34.17,3620.93,0.12,201.16,0.0,0.0,5.0,0.0,14.0,17.0,46.0,25.0,5.0,b'false'
27.0,5.0,3.0,3.0,108.0,540.0,0.05,21.86,24.71,11802.86,0.18,655.71,4.0,5.0,7.0,0.0,18.0,14.0,74.0,34.0,9.0,b'false'
15.0,3.0,1.0,3.0,52.0,260.0,0.14,7.18,36.19,1867.89,0.09,103.77,2.0,24.0,16.0,0.0,13.0,19.0,31.0,21.0,5.0,b'false'
13.0,4.0,1.0,4.0,59.0,295.0,0.09,11.03,26.75,3253.68,0.1,180.76,3.0,8.0,15.0,0.0,15.0,17.0,34.0,25.0,7.0,b'false'
32.0,6.0,1.0,6.0,123.0,686.95,0.08,12.89,53.31,8852.8,0.23,491.82,5.0,44.0,42.0,0.0,17.0,31.0,76.0,47.0,11.0,b'false'
25.0,3.0,1.0,3.0,120.0,684.05,0.07,14.11,48.49,9649.29,0.23,536.07,2.0,16.0,19.0,0.0,19.0,33.0,71.0,49.0,5.0,b'false'
22.0,4.0,4.0,4.0,75.0,381.56,0.07,13.42,28.43,5120.93,0.13,284.5,5.0,10.0,19.0,0.0,15.0,19.0,41.0,34.0,7.0,b'false'
28.0,6.0,1.0,4.0,128.0,707.02,0.04,23.1,30.61,16332.07,0.24,907.34,5.0,19.0,15.0,0.0,21.0,25.0,73.0,55.0,11.0,b'false'
18.0,2.0,1.0,2.0,122.0,625.77,0.04,24.42,25.62,15282.02,0.21,849.0,3.0,18.0,13.0,0.0,16.0,19.0,64.0,58.0,3.0,b'false'
24.0,5.0,1.0,3.0,197.0,1075.51,0.03,39.72,27.08,42716.37,0.36,2373.13,2.0,20.0,14.0,0.0,21.0,23.0,110.0,87.0,9.0,b'false'
62.0,9.0,4.0,6.0,310.0,2002.42,0.05,21.19,94.51,42426.35,0.67,2357.02,5.0,32.0,26.0,0.0,24.0,64.0,197.0,113.0,17.0,b'false'
65.0,12.0,3.0,8.0,263.0,1653.06,0.07,15.19,108.84,25107.55,0.55,1394.86,0.0,34.0,17.0,0.0,17.0,61.0,154.0,109.0,23.0,b'false'
8.0,1.0,1.0,1.0,49.0,181.32,0.14,7.0,25.9,1269.25,0.06,70.51,0.0,3.0,3.0,0.0,7.0,6.0,37.0,12.0,1.0,b'false'
18.0,4.0,1.0,4.0,80.0,428.6,0.13,7.89,54.3,3382.91,0.14,187.94,2.0,2.0,12.0,0.0,13.0,28.0,46.0,34.0,7.0,b'false'
6.0,1.0,1.0,1.0,11.0,30.88,0.38,2.67,11.58,82.35,0.01,4.57,1.0,2.0,0.0,0.0,4.0,3.0,7.0,4.0,1.0,b'false'
48.0,7.0,1.0,7.0,250.0,1626.95,0.07,14.23,114.37,23143.92,0.54,1285.77,4.0,28.0,39.0,0.0,20.0,71.0,149.0,101.0,13.0,b'false'
127.0,10.0,1.0,10.0,737.0,5334.7,0.04,24.9,214.24,132838.37,1.78,7379.91,4.0,31.0,77.0,0.0,25.0,126.0,486.0,251.0,19.0,b'false'
21.0,4.0,1.0,4.0,77.0,391.73,0.13,7.64,51.3,2991.43,0.13,166.19,0.0,23.0,55.0,0.0,12.0,22.0,49.0,28.0,7.0,b'false'
32.0,2.0,1.0,2.0,214.0,1284.0,0.05,18.78,68.36,24116.87,0.43,1339.83,1.0,8.0,12.0,0.0,18.0,46.0,118.0,96.0,3.0,b'false'
41.0,6.0,1.0,5.0,169.0,985.76,0.06,17.21,57.28,16963.26,0.33,942.4,3.0,47.0,40.0,0.0,21.0,36.0,110.0,59.0,11.0,b'false'
23.0,5.0,1.0,5.0,51.0,236.84,0.13,7.85,30.19,1858.26,0.08,103.24,1.0,20.0,13.0,0.0,12.0,13.0,34.0,17.0,9.0,b'false'
8.0,2.0,1.0,1.0,36.0,158.12,0.18,5.5,28.75,869.68,0.05,48.32,0.0,6.0,7.0,0.0,11.0,10.0,26.0,10.0,3.0,b'false'
25.0,4.0,1.0,1.0,95.0,475.0,0.07,15.0,31.67,7125.0,0.16,395.83,0.0,8.0,7.0,0.0,16.0,16.0,65.0,30.0,7.0,b'false'
8.0,2.0,1.0,1.0,12.0,39.86,0.27,3.75,10.63,149.49,0.01,8.3,1.0,6.0,3.0,0.0,6.0,4.0,7.0,5.0,3.0,b'false'
17.0,3.0,1.0,3.0,102.0,535.29,0.07,14.57,36.74,7799.92,0.18,433.33,2.0,2.0,9.0,0.0,17.0,21.0,66.0,36.0,5.0,b'false'
38.0,5.0,1.0,5.0,176.0,1047.94,0.05,19.25,54.44,20172.82,0.35,1120.71,2.0,12.0,12.0,0.0,22.0,40.0,106.0,70.0,9.0,b'false'
31.0,5.0,5.0,5.0,140.0,809.39,0.07,14.84,54.55,12009.6,0.27,667.2,10.0,9.0,23.0,0.0,18.0,37.0,79.0,61.0,9.0,b'false'
21.0,4.0,1.0,3.0,61.0,310.34,0.1,10.26,30.24,3185.02,0.1,176.95,0.0,3.0,3.0,0.0,15.0,19.0,35.0,26.0,7.0,b'false'
21.0,4.0,1.0,3.0,61.0,310.34,0.1,10.26,30.24,3185.02,0.1,176.95,0.0,3.0,3.0,0.0,15.0,19.0,35.0,26.0,7.0,b'false'
14.0,2.0,1.0,1.0,25.0,97.67,0.09,11.0,8.88,1074.39,0.03,59.69,0.0,0.0,3.0,0.0,10.0,5.0,14.0,11.0,3.0,b'false'
6.0,1.0,1.0,1.0,16.0,57.36,0.29,3.5,16.39,200.76,0.02,11.15,0.0,4.0,0.0,0.0,7.0,5.0,11.0,5.0,1.0,b'false'
29.0,5.0,1.0,2.0,111.0,569.35,0.05,20.78,27.4,11829.84,0.19,657.21,0.0,17.0,6.0,0.0,17.0,18.0,67.0,44.0,9.0,b'false'
18.0,3.0,1.0,1.0,91.0,459.04,0.08,12.89,35.6,5919.2,0.15,328.84,1.0,11.0,8.0,0.0,14.0,19.0,56.0,35.0,5.0,b'false'
55.0,11.0,5.0,8.0,217.0,1311.63,0.04,26.83,48.89,35190.17,0.44,1955.01,0.0,8.0,17.0,0.0,25.0,41.0,129.0,88.0,21.0,b'false'
47.0,3.0,1.0,1.0,150.0,937.19,0.06,15.65,59.87,14671.27,0.31,815.07,0.0,39.0,14.0,0.0,21.0,55.0,68.0,82.0,5.0,b'false'
32.0,6.0,4.0,2.0,95.0,498.55,0.04,22.85,21.82,11393.4,0.17,632.97,2.0,14.0,10.0,0.0,21.0,17.0,58.0,37.0,11.0,b'false'
32.0,3.0,1.0,1.0,538.0,3124.36,0.02,53.2,58.73,166215.79,1.04,9234.21,3.0,13.0,22.0,0.0,16.0,40.0,272.0,266.0,5.0,b'false'
38.0,4.0,1.0,1.0,165.0,911.39,0.04,24.28,37.54,22126.47,0.3,1229.25,0.0,11.0,10.0,0.0,19.0,27.0,96.0,69.0,6.0,b'false'
14.0,2.0,1.0,1.0,56.0,260.06,0.14,7.07,36.78,1838.97,0.09,102.16,0.0,0.0,0.0,0.0,11.0,14.0,38.0,18.0,3.0,b'false'
60.0,5.0,1.0,5.0,331.0,2164.46,0.05,22.12,97.85,47876.6,0.72,2659.81,9.0,14.0,39.0,0.0,26.0,67.0,217.0,114.0,9.0,b'false'
10.0,1.0,1.0,1.0,32.0,125.02,0.16,6.13,20.41,765.75,0.04,42.54,0.0,2.0,5.0,0.0,7.0,8.0,18.0,14.0,1.0,b'false'
16.0,3.0,1.0,3.0,73.0,358.2,0.11,9.0,39.8,3223.83,0.12,179.1,10.0,6.0,9.0,0.0,12.0,18.0,46.0,27.0,5.0,b'false'
12.0,2.0,1.0,2.0,33.0,142.62,0.16,6.11,23.34,871.59,0.05,48.42,0.0,4.0,4.0,0.0,11.0,9.0,23.0,10.0,3.0,b'false'
13.0,2.0,1.0,1.0,41.0,174.17,0.1,9.63,18.1,1676.34,0.06,93.13,0.0,0.0,3.0,0.0,11.0,8.0,27.0,14.0,3.0,b'false'
16.0,2.0,1.0,2.0,42.0,192.57,0.11,9.1,21.16,1752.37,0.06,97.35,0.0,13.0,5.0,0.0,14.0,10.0,29.0,13.0,3.0,b'false'
27.0,4.0,3.0,3.0,95.0,521.73,0.06,18.12,28.78,9456.28,0.17,525.35,3.0,5.0,22.0,0.0,25.0,20.0,66.0,29.0,7.0,b'false'
31.0,5.0,4.0,4.0,110.0,604.1,0.06,17.25,35.02,10420.79,0.2,578.93,3.0,15.0,19.0,0.0,23.0,22.0,77.0,33.0,9.0,b'false'
10.0,1.0,1.0,1.0,10.0,28.07,0.5,2.0,14.04,56.15,0.01,3.12,0.0,1.0,5.0,0.0,4.0,3.0,7.0,3.0,1.0,b'false'
37.0,5.0,1.0,3.0,93.0,494.94,0.06,16.0,30.93,7919.03,0.16,439.95,2.0,28.0,12.0,0.0,20.0,20.0,61.0,32.0,9.0,b'false'
8.0,1.0,1.0,1.0,9.0,27.0,0.4,2.5,10.8,67.5,0.01,3.75,0.0,1.0,2.0,0.0,5.0,3.0,6.0,3.0,1.0,b'false'
8.0,1.0,1.0,1.0,33.0,134.89,0.16,6.19,21.8,834.61,0.04,46.37,0.0,2.0,6.0,0.0,9.0,8.0,22.0,11.0,1.0,b'false'
9.0,1.0,1.0,1.0,44.0,183.48,0.14,7.0,26.21,1284.34,0.06,71.35,1.0,5.0,5.0,0.0,9.0,9.0,30.0,14.0,1.0,b'false'
9.0,1.0,1.0,1.0,36.0,140.65,0.12,8.25,17.05,1160.35,0.05,64.45,0.0,5.0,3.0,0.0,9.0,6.0,25.0,11.0,1.0,b'false'
7.0,1.0,1.0,1.0,8.0,22.46,0.4,2.5,8.98,56.15,0.01,3.12,0.0,1.0,2.0,0.0,5.0,2.0,6.0,2.0,1.0,b'false'
26.0,4.0,3.0,2.0,99.0,511.82,0.08,13.2,38.77,6756.06,0.17,375.34,0.0,6.0,5.0,0.0,16.0,20.0,66.0,33.0,7.0,b'false'
7.0,1.0,1.0,1.0,25.0,97.67,0.17,6.0,16.28,586.03,0.03,32.56,0.0,2.0,5.0,0.0,9.0,6.0,17.0,8.0,1.0,b'false'
14.0,1.0,1.0,1.0,86.0,365.32,0.08,13.05,27.99,4767.45,0.12,264.86,0.0,6.0,5.0,0.0,9.0,10.0,57.0,29.0,1.0,b'false'
9.0,1.0,1.0,1.0,14.0,46.51,0.21,4.67,9.97,217.03,0.02,12.06,0.0,0.0,4.0,0.0,7.0,3.0,10.0,4.0,1.0,b'false'
11.0,1.0,1.0,1.0,23.0,82.45,0.14,7.0,11.78,577.18,0.03,32.07,0.0,0.0,5.0,0.0,8.0,4.0,16.0,7.0,1.0,b'false'
34.0,6.0,1.0,3.0,135.0,745.68,0.08,12.6,59.16,9398.15,0.25,522.12,0.0,8.0,6.0,0.0,17.0,29.0,92.0,43.0,11.0,b'false'
7.0,1.0,1.0,1.0,11.0,34.87,0.29,3.5,9.96,122.04,0.01,6.78,0.0,1.0,4.0,0.0,7.0,2.0,9.0,2.0,1.0,b'false'
31.0,7.0,1.0,5.0,126.0,618.27,0.04,23.5,26.31,14529.3,0.21,807.18,2.0,30.0,21.0,0.0,15.0,15.0,79.0,47.0,13.0,b'false'
8.0,1.0,1.0,1.0,9.0,27.0,0.4,2.5,10.8,67.5,0.01,3.75,0.0,1.0,2.0,0.0,5.0,3.0,6.0,3.0,1.0,b'false'
6.0,1.0,1.0,1.0,10.0,30.0,0.33,3.0,10.0,90.0,0.01,5.0,0.0,0.0,2.0,0.0,6.0,2.0,8.0,2.0,1.0,b'false'
7.0,1.0,1.0,1.0,10.0,33.22,0.29,3.5,9.49,116.27,0.01,6.46,0.0,0.0,2.0,0.0,7.0,3.0,7.0,3.0,1.0,b'false'
15.0,2.0,1.0,1.0,60.0,285.29,0.13,7.6,37.54,2168.23,0.1,120.46,0.0,0.0,7.0,0.0,12.0,15.0,41.0,19.0,3.0,b'false'
16.0,1.0,1.0,1.0,64.0,289.51,0.12,8.36,34.64,2419.46,0.1,134.41,0.0,0.0,7.0,0.0,9.0,14.0,38.0,26.0,1.0,b'false'
19.0,1.0,1.0,1.0,64.0,293.44,0.1,9.73,30.16,2855.37,0.1,158.63,0.0,1.0,13.0,0.0,11.0,13.0,41.0,23.0,1.0,b'false'
130.0,29.0,7.0,27.0,729.0,5103.0,0.02,55.88,91.32,285170.84,1.7,15842.82,45.0,13.0,53.0,0.0,34.0,94.0,420.0,309.0,57.0,b'false'
30.0,4.0,1.0,4.0,122.0,630.73,0.05,20.71,30.45,13065.14,0.21,725.84,3.0,3.0,12.0,0.0,15.0,21.0,64.0,58.0,7.0,b'false'
34.0,6.0,1.0,6.0,146.0,771.67,0.08,12.0,64.31,9260.02,0.26,514.45,4.0,0.0,10.0,0.0,12.0,27.0,92.0,54.0,11.0,b'false'
20.0,6.0,6.0,2.0,241.0,1299.55,0.02,46.0,28.25,59779.23,0.43,3321.07,1.0,6.0,6.0,0.0,23.0,19.0,165.0,76.0,11.0,b'false'
17.0,2.0,1.0,1.0,53.0,252.01,0.07,14.38,17.53,3622.63,0.08,201.26,0.0,0.0,7.0,0.0,15.0,12.0,30.0,23.0,3.0,b'false'
17.0,2.0,1.0,1.0,53.0,252.01,0.07,14.38,17.53,3622.63,0.08,201.26,0.0,0.0,6.0,0.0,15.0,12.0,30.0,23.0,3.0,b'false'
26.0,8.0,8.0,1.0,210.0,1125.09,0.04,23.02,48.87,25900.42,0.38,1438.91,0.0,5.0,3.0,0.0,17.0,24.0,145.0,65.0,15.0,b'false'
10.0,1.0,1.0,1.0,22.0,69.74,0.18,5.63,12.4,392.28,0.02,21.79,0.0,0.0,0.0,0.0,5.0,4.0,13.0,9.0,1.0,b'false'
6.0,1.0,1.0,1.0,11.0,36.54,0.33,3.0,12.18,109.62,0.01,6.09,0.0,0.0,0.0,0.0,6.0,4.0,7.0,4.0,1.0,b'false'
8.0,1.0,1.0,1.0,11.0,30.88,0.38,2.67,11.58,82.35,0.01,4.57,0.0,0.0,3.0,0.0,4.0,3.0,7.0,4.0,1.0,b'false'
93.0,17.0,7.0,6.0,407.0,2692.19,0.02,48.06,56.02,129374.54,0.9,7187.47,13.0,55.0,24.0,0.0,35.0,63.0,234.0,173.0,33.0,b'false'
128.0,25.0,12.0,9.0,790.0,5664.24,0.02,54.33,104.25,307757.08,1.89,17097.62,33.0,58.0,2.0,0.0,36.0,108.0,464.0,326.0,49.0,b'false'
28.0,3.0,1.0,3.0,103.0,551.83,0.09,11.69,47.22,6449.49,0.18,358.3,0.0,11.0,1.0,0.0,17.0,24.0,70.0,33.0,5.0,b'false'
19.0,2.0,1.0,2.0,62.0,312.75,0.11,9.41,33.23,2943.55,0.1,163.53,0.0,3.0,1.0,0.0,16.0,17.0,42.0,20.0,3.0,b'false'
19.0,2.0,1.0,2.0,57.0,282.39,0.11,8.91,31.71,2515.03,0.09,139.72,0.0,3.0,2.0,0.0,15.0,16.0,38.0,19.0,3.0,b'false'
21.0,3.0,1.0,3.0,62.0,298.06,0.12,8.63,34.56,2570.73,0.1,142.82,0.0,2.0,2.0,0.0,12.0,16.0,39.0,23.0,5.0,b'false'
154.0,17.0,10.0,13.0,695.0,5143.61,0.03,38.57,133.35,198396.43,1.71,11022.02,20.0,119.0,26.0,0.0,36.0,133.0,410.0,285.0,28.0,b'false'
125.0,18.0,1.0,13.0,438.0,3131.59,0.02,40.25,77.8,126046.47,1.04,7002.58,13.0,50.0,21.0,0.0,46.0,96.0,270.0,168.0,31.0,b'false'
14.0,2.0,1.0,1.0,24.0,100.08,0.13,7.86,12.74,786.33,0.03,43.68,0.0,1.0,4.0,0.0,11.0,7.0,14.0,10.0,3.0,b'false'
127.0,30.0,8.0,5.0,690.0,4697.07,0.03,36.21,129.72,170066.5,1.57,9448.14,7.0,39.0,5.0,0.0,25.0,87.0,438.0,252.0,59.0,b'false'
12.0,1.0,1.0,1.0,29.0,110.41,0.3,3.33,33.12,368.04,0.04,20.45,0.0,0.0,0.0,0.0,5.0,9.0,17.0,12.0,1.0,b'false'
18.0,2.0,1.0,2.0,72.0,372.23,0.09,11.63,32.0,4329.68,0.12,240.54,0.0,9.0,2.0,0.0,17.0,19.0,46.0,26.0,3.0,b'false'
20.0,3.0,1.0,3.0,89.0,452.78,0.09,11.56,39.18,5232.17,0.15,290.68,0.0,3.0,5.0,0.0,16.0,18.0,63.0,26.0,5.0,b'false'
36.0,4.0,1.0,4.0,156.0,851.67,0.06,17.63,48.31,15014.65,0.28,834.15,2.0,13.0,3.0,0.0,17.0,27.0,100.0,56.0,6.0,b'false'
160.0,32.0,7.0,20.0,488.0,3442.98,0.04,22.73,151.5,78244.98,1.15,4346.94,12.0,33.0,22.0,0.0,29.0,104.0,325.0,163.0,58.0,b'false'
47.0,10.0,9.0,7.0,318.0,1980.76,0.05,18.86,105.02,37359.42,0.66,2075.52,6.0,7.0,8.0,0.0,21.0,54.0,221.0,97.0,19.0,b'false'
6.0,1.0,1.0,1.0,6.0,15.51,0.5,2.0,7.75,31.02,0.01,1.72,0.0,0.0,0.0,0.0,4.0,2.0,4.0,2.0,1.0,b'false'
6.0,1.0,1.0,1.0,6.0,15.51,0.5,2.0,7.75,31.02,0.01,1.72,0.0,0.0,0.0,0.0,4.0,2.0,4.0,2.0,1.0,b'false'
38.0,4.0,3.0,1.0,153.0,892.43,0.07,14.75,60.5,13163.37,0.3,731.3,3.0,35.0,2.0,0.0,19.0,38.0,94.0,59.0,7.0,b'false'
6.0,1.0,1.0,1.0,6.0,15.51,0.5,2.0,7.75,31.02,0.01,1.72,0.0,0.0,0.0,0.0,4.0,2.0,4.0,2.0,1.0,b'false'
12.0,1.0,1.0,1.0,21.0,75.28,0.5,2.0,37.64,150.57,0.03,8.36,0.0,0.0,0.0,0.0,4.0,8.0,13.0,8.0,1.0,b'false'
12.0,1.0,1.0,1.0,25.0,92.51,0.38,2.67,34.69,246.7,0.03,13.71,0.0,0.0,0.0,0.0,4.0,9.0,13.0,12.0,1.0,b'false'
9.0,1.0,1.0,1.0,25.0,92.51,0.38,2.67,34.69,246.7,0.03,13.71,0.0,0.0,0.0,0.0,4.0,9.0,13.0,12.0,1.0,b'false'
41.0,2.0,1.0,2.0,241.0,1472.15,0.06,15.69,93.81,23101.5,0.49,1283.42,0.0,7.0,14.0,0.0,17.0,52.0,145.0,96.0,3.0,b'false'
30.0,2.0,1.0,2.0,151.0,852.22,0.07,14.68,58.05,12512.17,0.28,695.12,0.0,6.0,5.0,0.0,17.0,33.0,94.0,57.0,3.0,b'false'
6.0,1.0,1.0,1.0,7.0,19.65,0.4,2.5,7.86,49.13,0.01,2.73,0.0,0.0,0.0,0.0,5.0,2.0,5.0,2.0,1.0,b'false'
20.0,5.0,1.0,1.0,63.0,288.85,0.05,21.0,13.75,6065.91,0.1,336.99,0.0,0.0,4.0,0.0,16.0,8.0,42.0,21.0,9.0,b'false'
149.0,15.0,11.0,6.0,781.0,5575.99,0.02,46.92,118.83,261640.64,1.86,14535.59,2.0,65.0,10.0,0.0,31.0,110.0,448.0,333.0,29.0,b'false'
6.0,1.0,1.0,1.0,8.0,22.46,0.5,2.0,11.23,44.92,0.01,2.5,0.0,0.0,0.0,0.0,4.0,3.0,5.0,3.0,1.0,b'false'
16.0,3.0,1.0,2.0,70.0,353.11,0.13,7.71,45.77,2723.97,0.12,151.33,2.0,18.0,10.0,0.0,12.0,21.0,43.0,27.0,5.0,b'false'
15.0,1.0,1.0,1.0,46.0,179.72,0.19,5.25,34.23,943.51,0.06,52.42,0.0,0.0,5.0,0.0,5.0,10.0,25.0,21.0,1.0,b'false'
13.0,1.0,1.0,1.0,69.0,298.21,0.06,15.5,19.24,4622.3,0.1,256.79,0.0,6.0,5.0,0.0,10.0,10.0,38.0,31.0,1.0,b'false'
6.0,1.0,1.0,1.0,13.0,44.97,0.29,3.5,12.85,157.4,0.01,8.74,0.0,0.0,0.0,0.0,7.0,4.0,9.0,4.0,1.0,b'false'
14.0,2.0,1.0,1.0,37.0,151.24,0.11,9.29,16.29,1404.34,0.05,78.02,3.0,0.0,4.0,0.0,10.0,7.0,24.0,13.0,3.0,b'false'
14.0,2.0,1.0,1.0,37.0,151.24,0.11,9.29,16.29,1404.34,0.05,78.02,3.0,0.0,4.0,0.0,10.0,7.0,24.0,13.0,3.0,b'false'
27.0,3.0,1.0,1.0,130.0,744.63,0.08,12.04,61.85,8964.95,0.25,498.05,0.0,39.0,12.0,0.0,15.0,38.0,69.0,61.0,5.0,b'false'
19.0,2.0,1.0,2.0,60.0,300.0,0.11,9.5,31.58,2850.0,0.1,158.33,0.0,6.0,0.0,0.0,16.0,16.0,41.0,19.0,3.0,b'false'
21.0,2.0,1.0,2.0,105.0,525.0,0.04,23.0,22.83,12075.0,0.18,670.83,6.0,6.0,3.0,0.0,16.0,16.0,59.0,46.0,3.0,b'false'
6.0,1.0,1.0,1.0,13.0,43.19,0.27,3.75,11.52,161.94,0.01,9.0,0.0,0.0,1.0,0.0,6.0,4.0,8.0,5.0,1.0,b'false'
16.0,3.0,3.0,2.0,40.0,185.75,0.13,7.64,24.32,1418.49,0.06,78.8,0.0,5.0,0.0,0.0,14.0,11.0,28.0,12.0,5.0,b'false'
55.0,9.0,1.0,3.0,292.0,1738.63,0.03,33.32,52.18,57931.89,0.58,3218.44,12.0,20.0,10.0,0.0,23.0,39.0,179.0,113.0,17.0,b'false'
6.0,1.0,1.0,1.0,5.0,11.61,0.67,1.5,7.74,17.41,0.0,0.97,0.0,0.0,0.0,0.0,3.0,2.0,3.0,2.0,1.0,b'false'
9.0,1.0,1.0,1.0,18.0,62.27,0.44,2.29,27.24,142.33,0.02,7.91,0.0,0.0,1.0,0.0,4.0,7.0,10.0,8.0,1.0,b'false'
12.0,1.0,1.0,1.0,29.0,110.41,0.3,3.33,33.12,368.04,0.04,20.45,0.0,0.0,0.0,0.0,5.0,9.0,17.0,12.0,1.0,b'false'
12.0,1.0,1.0,1.0,25.0,92.51,0.38,2.67,34.69,246.7,0.03,13.71,0.0,0.0,0.0,0.0,4.0,9.0,13.0,12.0,1.0,b'false'
69.0,19.0,19.0,13.0,418.0,2746.2,0.03,36.57,75.09,100429.38,0.92,5579.41,0.0,18.0,24.0,0.0,31.0,64.0,267.0,151.0,37.0,b'false'
138.0,25.0,1.0,24.0,625.0,4677.38,0.04,27.21,171.89,127275.78,1.56,7070.88,1.0,58.0,6.0,0.0,32.0,147.0,375.0,250.0,47.0,b'false'
6.0,1.0,1.0,1.0,6.0,15.51,0.5,2.0,7.75,31.02,0.01,1.72,0.0,0.0,0.0,0.0,4.0,2.0,4.0,2.0,1.0,b'false'
6.0,1.0,1.0,1.0,6.0,15.51,0.5,2.0,7.75,31.02,0.01,1.72,0.0,0.0,0.0,0.0,4.0,2.0,4.0,2.0,1.0,b'false'
72.0,16.0,9.0,7.0,255.0,1573.33,0.05,18.26,86.16,28729.02,0.52,1596.06,1.0,19.0,6.0,0.0,22.0,50.0,172.0,83.0,31.0,b'false'
6.0,1.0,1.0,1.0,4.0,8.0,0.67,1.5,5.33,12.0,0.0,0.67,0.0,0.0,0.0,0.0,3.0,1.0,3.0,1.0,1.0,b'false'
6.0,1.0,1.0,1.0,5.0,11.61,0.5,2.0,5.8,23.22,0.0,1.29,0.0,0.0,0.0,0.0,4.0,1.0,4.0,1.0,1.0,b'false'
6.0,1.0,1.0,1.0,7.0,19.65,0.4,2.5,7.86,49.13,0.01,2.73,0.0,0.0,0.0,0.0,5.0,2.0,5.0,2.0,1.0,b'false'
6.0,1.0,1.0,1.0,9.0,27.0,0.4,2.5,10.8,67.5,0.01,3.75,0.0,4.0,0.0,0.0,5.0,3.0,6.0,3.0,1.0,b'false'
11.0,1.0,1.0,1.0,22.0,73.08,0.47,2.14,34.11,156.61,0.02,8.7,0.0,0.0,0.0,0.0,3.0,7.0,12.0,10.0,1.0,b'false'
23.0,4.0,1.0,4.0,75.0,396.41,0.09,11.57,34.26,4586.97,0.13,254.83,1.0,23.0,0.0,0.0,18.0,21.0,48.0,27.0,7.0,b'false'
17.0,1.0,1.0,1.0,49.0,221.65,0.26,3.88,57.09,860.54,0.07,47.81,0.0,9.0,1.0,0.0,6.0,17.0,27.0,22.0,1.0,b'false'
60.0,13.0,1.0,6.0,155.0,919.26,0.07,13.9,66.12,12780.02,0.31,710.0,4.0,15.0,0.0,0.0,20.0,41.0,98.0,57.0,19.0,b'false'
32.0,5.0,1.0,3.0,72.0,360.0,0.08,13.24,27.2,4764.71,0.12,264.71,1.0,0.0,1.0,0.0,15.0,17.0,42.0,30.0,9.0,b'false'
16.0,3.0,3.0,1.0,33.0,144.95,0.09,10.56,13.72,1531.0,0.05,85.06,1.0,0.0,4.0,0.0,13.0,8.0,20.0,13.0,5.0,b'false'
42.0,2.0,1.0,2.0,210.0,1316.03,0.07,13.88,94.81,18268.21,0.44,1014.9,0.0,6.0,1.0,0.0,18.0,59.0,119.0,91.0,3.0,b'false'
6.0,1.0,1.0,1.0,8.0,22.46,0.5,2.0,11.23,44.92,0.01,2.5,0.0,0.0,0.0,0.0,4.0,3.0,5.0,3.0,1.0,b'false'
14.0,2.0,1.0,1.0,67.0,328.76,0.09,11.47,28.66,3771.09,0.11,209.5,6.0,13.0,1.0,0.0,13.0,17.0,37.0,30.0,3.0,b'false'
27.0,3.0,1.0,1.0,87.0,456.57,0.12,8.31,54.96,3793.04,0.15,210.72,0.0,9.0,0.0,0.0,12.0,26.0,51.0,36.0,5.0,b'false'
8.0,1.0,1.0,1.0,24.0,88.81,0.14,7.2,12.33,639.44,0.03,35.52,0.0,0.0,0.0,0.0,8.0,5.0,15.0,9.0,1.0,b'false'
7.0,1.0,1.0,1.0,13.0,39.0,0.33,3.0,13.0,117.0,0.01,6.5,0.0,0.0,0.0,0.0,4.0,4.0,7.0,6.0,1.0,b'false'
31.0,5.0,1.0,1.0,67.0,284.61,0.05,19.94,14.28,5674.43,0.09,315.25,1.0,4.0,1.0,0.0,11.0,8.0,38.0,29.0,9.0,b'false'
8.0,1.0,1.0,1.0,12.0,39.86,0.21,4.67,8.54,186.03,0.01,10.33,0.0,3.0,0.0,0.0,7.0,3.0,8.0,4.0,1.0,b'false'
11.0,1.0,1.0,1.0,29.0,116.0,0.09,10.83,10.71,1256.67,0.04,69.81,0.0,3.0,0.0,0.0,10.0,6.0,16.0,13.0,1.0,b'false'
6.0,1.0,1.0,1.0,4.0,8.0,0.67,1.5,5.33,12.0,0.0,0.67,0.0,0.0,0.0,0.0,3.0,1.0,3.0,1.0,1.0,b'false'
13.0,2.0,1.0,1.0,20.0,74.01,0.29,3.5,21.15,259.02,0.02,14.39,0.0,0.0,0.0,0.0,7.0,6.0,14.0,6.0,3.0,b'false'
6.0,1.0,1.0,1.0,10.0,31.7,0.33,3.0,10.57,95.1,0.01,5.28,0.0,3.0,0.0,0.0,6.0,3.0,7.0,3.0,1.0,b'false'
22.0,2.0,1.0,2.0,81.0,421.97,0.09,11.48,36.77,4842.06,0.14,269.0,0.0,12.0,1.0,0.0,17.0,20.0,54.0,27.0,3.0,b'false'
29.0,7.0,5.0,2.0,100.0,508.75,0.04,25.33,20.08,12888.24,0.17,716.01,0.0,9.0,5.0,0.0,19.0,15.0,60.0,40.0,13.0,b'false'
9.0,1.0,1.0,1.0,81.0,366.41,0.05,20.22,18.12,7409.59,0.12,411.64,0.0,2.0,3.0,0.0,14.0,9.0,55.0,26.0,1.0,b'false'
16.0,4.0,4.0,1.0,135.0,675.0,0.04,24.37,27.7,16447.5,0.23,913.75,0.0,3.0,4.0,0.0,17.0,15.0,92.0,43.0,7.0,b'false'
92.0,15.0,15.0,15.0,466.0,2643.35,0.02,57.0,46.37,150670.96,0.88,8370.61,27.0,41.0,67.0,0.0,19.0,32.0,274.0,192.0,29.0,b'false'
18.0,4.0,4.0,1.0,76.0,369.21,0.07,15.38,24.0,5680.1,0.12,315.56,7.0,11.0,9.0,0.0,16.0,13.0,51.0,25.0,7.0,b'false'
36.0,6.0,1.0,6.0,182.0,1005.29,0.05,21.46,46.84,21576.47,0.34,1198.69,9.0,22.0,15.0,0.0,19.0,27.0,121.0,61.0,11.0,b'false'
5.0,1.0,1.0,1.0,9.0,28.53,0.33,3.0,9.51,85.59,0.01,4.75,1.0,1.0,0.0,0.0,6.0,3.0,6.0,3.0,1.0,b'false'
22.0,3.0,1.0,3.0,69.0,341.84,0.07,14.06,24.31,4807.12,0.11,267.06,4.0,0.0,6.0,0.0,15.0,16.0,39.0,30.0,5.0,b'false'
3.0,1.0,1.0,1.0,7.0,18.09,0.4,2.5,7.24,45.24,0.01,2.51,0.0,0.0,0.0,0.0,5.0,1.0,6.0,1.0,1.0,b'false'
7.0,2.0,1.0,1.0,27.0,105.49,0.08,12.0,8.79,1265.83,0.04,70.32,0.0,0.0,1.0,0.0,10.0,5.0,15.0,12.0,3.0,b'false'
3.0,1.0,1.0,1.0,14.0,48.43,0.23,4.38,11.07,211.89,0.02,11.77,0.0,0.0,0.0,0.0,7.0,4.0,9.0,5.0,1.0,b'false'
7.0,1.0,1.0,1.0,29.0,110.41,0.21,4.88,22.65,538.26,0.04,29.9,0.0,0.0,0.0,0.0,6.0,8.0,16.0,13.0,1.0,b'false'
9.0,3.0,1.0,1.0,41.0,170.97,0.07,14.14,12.09,2417.96,0.06,134.33,0.0,0.0,1.0,0.0,11.0,7.0,23.0,18.0,5.0,b'false'
11.0,3.0,1.0,1.0,49.0,215.22,0.07,14.67,14.67,3156.61,0.07,175.37,0.0,0.0,1.0,0.0,12.0,9.0,27.0,22.0,5.0,b'false'
4.0,1.0,1.0,1.0,13.0,39.0,0.33,3.0,13.0,117.0,0.01,6.5,0.0,0.0,0.0,0.0,4.0,4.0,7.0,6.0,1.0,b'false'
3.0,1.0,1.0,1.0,7.0,19.65,0.4,2.5,7.86,49.13,0.01,2.73,0.0,0.0,0.0,0.0,5.0,2.0,5.0,2.0,1.0,b'false'
30.0,4.0,1.0,2.0,193.0,1149.16,0.04,25.34,45.35,29117.23,0.38,1617.62,10.0,22.0,21.0,0.0,25.0,37.0,118.0,75.0,7.0,b'false'
5.0,1.0,1.0,1.0,5.0,11.61,0.67,1.5,7.74,17.41,0.0,0.97,1.0,1.0,2.0,0.0,3.0,2.0,3.0,2.0,1.0,b'false'
16.0,4.0,1.0,2.0,109.0,591.46,0.04,25.89,22.84,15315.78,0.2,850.88,6.0,10.0,9.0,0.0,24.0,19.0,68.0,41.0,7.0,b'false'
5.0,1.0,1.0,1.0,5.0,11.61,0.67,1.5,7.74,17.41,0.0,0.97,1.0,1.0,2.0,0.0,3.0,2.0,3.0,2.0,1.0,b'false'
15.0,4.0,1.0,2.0,109.0,591.46,0.04,25.89,22.84,15315.78,0.2,850.88,7.0,10.0,10.0,0.0,24.0,19.0,68.0,41.0,7.0,b'false'
40.0,10.0,1.0,8.0,399.0,2609.12,0.03,31.3,83.37,81653.73,0.87,4536.32,35.0,31.0,46.0,0.0,27.0,66.0,246.0,153.0,19.0,b'false'
5.0,1.0,1.0,1.0,5.0,11.61,0.67,1.5,7.74,17.41,0.0,0.97,1.0,1.0,2.0,0.0,3.0,2.0,3.0,2.0,1.0,b'false'
5.0,1.0,1.0,1.0,5.0,11.61,0.67,1.5,7.74,17.41,0.0,0.97,1.0,1.0,2.0,0.0,3.0,2.0,3.0,2.0,1.0,b'false'
12.0,2.0,1.0,1.0,100.0,516.99,0.07,15.21,33.99,7863.73,0.17,436.87,8.0,14.0,8.0,0.0,17.0,19.0,66.0,34.0,3.0,b'false'
5.0,1.0,1.0,1.0,6.0,15.51,0.5,2.0,7.75,31.02,0.01,1.72,1.0,7.0,1.0,0.0,4.0,2.0,4.0,2.0,1.0,b'false'
44.0,6.0,1.0,4.0,380.0,2490.74,0.03,34.84,71.49,86774.3,0.83,4820.79,18.0,28.0,33.0,0.0,32.0,62.0,245.0,135.0,11.0,b'false'
31.0,5.0,1.0,5.0,141.0,734.53,0.06,16.56,44.36,12163.87,0.24,675.77,5.0,0.0,10.0,0.0,12.0,25.0,72.0,69.0,9.0,b'false'
22.0,6.0,1.0,3.0,94.0,503.61,0.05,19.95,25.24,10047.02,0.17,558.17,11.0,21.0,25.0,0.0,21.0,20.0,56.0,38.0,11.0,b'false'
20.0,4.0,1.0,4.0,122.0,666.05,0.07,14.44,46.13,9617.77,0.22,534.32,2.0,13.0,9.0,0.0,19.0,25.0,84.0,38.0,7.0,b'false'
27.0,6.0,3.0,5.0,140.0,801.91,0.07,14.9,53.81,11951.03,0.27,663.95,4.0,16.0,20.0,0.0,22.0,31.0,98.0,42.0,11.0,b'false'
6.0,1.0,1.0,1.0,28.0,121.01,0.2,5.0,24.2,605.07,0.04,33.61,3.0,3.0,3.0,0.0,10.0,10.0,18.0,10.0,1.0,b'false'
25.0,2.0,1.0,2.0,140.0,759.68,0.06,15.45,49.18,11735.7,0.25,651.98,2.0,4.0,10.0,0.0,14.0,29.0,76.0,64.0,3.0,b'false'
10.0,2.0,1.0,1.0,45.0,206.32,0.1,9.8,21.05,2021.97,0.07,112.33,5.0,4.0,6.0,0.0,14.0,10.0,31.0,14.0,3.0,b'false'
10.0,2.0,1.0,1.0,45.0,206.32,0.1,9.8,21.05,2021.97,0.07,112.33,5.0,4.0,6.0,0.0,14.0,10.0,31.0,14.0,3.0,b'false'
5.0,1.0,1.0,1.0,5.0,11.61,0.5,2.0,5.8,23.22,0.0,1.29,3.0,3.0,2.0,0.0,4.0,1.0,4.0,1.0,1.0,b'false'
14.0,3.0,1.0,2.0,56.0,266.27,0.12,8.62,30.91,2294.05,0.09,127.45,4.0,8.0,7.0,0.0,14.0,13.0,40.0,16.0,5.0,b'false'
20.0,4.0,1.0,4.0,97.0,526.35,0.09,11.12,47.35,5850.56,0.18,325.03,3.0,12.0,14.0,0.0,17.0,26.0,63.0,34.0,7.0,b'false'
28.0,7.0,5.0,5.0,142.0,809.46,0.07,14.56,55.58,11789.43,0.27,654.97,4.0,18.0,19.0,0.0,21.0,31.0,99.0,43.0,13.0,b'false'
3.0,1.0,1.0,1.0,11.0,34.87,0.29,3.5,9.96,122.04,0.01,6.78,0.0,3.0,7.0,0.0,7.0,2.0,9.0,2.0,1.0,b'false'
45.0,12.0,5.0,8.0,288.0,1810.2,0.04,26.32,68.78,47644.35,0.6,2646.91,21.0,29.0,36.0,0.0,28.0,50.0,194.0,94.0,23.0,b'false'
7.0,2.0,1.0,2.0,25.0,102.19,0.16,6.19,16.52,632.28,0.03,35.13,0.0,2.0,2.0,0.0,9.0,8.0,14.0,11.0,3.0,b'false'
7.0,2.0,1.0,2.0,25.0,102.19,0.16,6.19,16.52,632.28,0.03,35.13,0.0,2.0,2.0,0.0,9.0,8.0,14.0,11.0,3.0,b'false'
7.0,2.0,1.0,2.0,25.0,102.19,0.16,6.19,16.52,632.28,0.03,35.13,0.0,2.0,2.0,0.0,9.0,8.0,14.0,11.0,3.0,b'false'
7.0,2.0,1.0,2.0,25.0,102.19,0.16,6.19,16.52,632.28,0.03,35.13,0.0,2.0,2.0,0.0,9.0,8.0,14.0,11.0,3.0,b'false'
7.0,2.0,1.0,2.0,25.0,102.19,0.16,6.19,16.52,632.28,0.03,35.13,0.0,2.0,2.0,0.0,9.0,8.0,14.0,11.0,3.0,b'false'
7.0,2.0,1.0,2.0,25.0,102.19,0.16,6.19,16.52,632.28,0.03,35.13,0.0,2.0,2.0,0.0,9.0,8.0,14.0,11.0,3.0,b'false'
7.0,2.0,1.0,2.0,25.0,102.19,0.16,6.19,16.52,632.28,0.03,35.13,0.0,2.0,2.0,0.0,9.0,8.0,14.0,11.0,3.0,b'false'
11.0,2.0,1.0,1.0,32.0,130.8,0.08,12.0,10.9,1569.59,0.04,87.2,2.0,2.0,3.0,0.0,12.0,5.0,22.0,10.0,3.0,b'false'
11.0,2.0,1.0,1.0,48.0,207.45,0.08,12.0,17.29,2489.43,0.07,138.3,2.0,2.0,3.0,0.0,12.0,8.0,32.0,16.0,3.0,b'false'
27.0,8.0,4.0,6.0,93.0,484.48,0.07,13.74,35.27,6655.21,0.16,369.73,14.0,22.0,9.0,0.0,18.0,19.0,64.0,29.0,15.0,b'false'
10.0,2.0,1.0,2.0,26.0,104.0,0.15,6.67,15.6,693.33,0.03,38.52,4.0,12.0,5.0,0.0,10.0,6.0,18.0,8.0,3.0,b'false'
9.0,2.0,1.0,1.0,27.0,110.36,0.12,8.25,13.38,910.48,0.04,50.58,3.0,3.0,1.0,0.0,11.0,6.0,18.0,9.0,3.0,b'false'
9.0,2.0,1.0,1.0,43.0,185.84,0.11,9.17,20.27,1703.56,0.06,94.64,3.0,3.0,1.0,0.0,11.0,9.0,28.0,15.0,3.0,b'false'
20.0,3.0,1.0,1.0,36.0,147.15,0.07,14.67,10.03,2158.18,0.05,119.9,0.0,0.0,5.0,0.0,11.0,6.0,20.0,16.0,5.0,b'false'
98.0,10.0,10.0,7.0,486.0,3428.87,0.04,27.25,125.84,93428.15,1.14,5190.45,6.0,57.0,49.0,0.0,32.0,101.0,314.0,172.0,19.0,b'false'
172.0,25.0,15.0,24.0,750.0,5588.41,0.04,22.99,243.12,128457.87,1.86,7136.55,20.0,56.0,77.0,0.0,27.0,148.0,498.0,252.0,49.0,b'false'
6.0,1.0,1.0,1.0,50.0,216.1,0.18,5.65,38.22,1221.78,0.07,67.88,0.0,0.0,2.0,0.0,7.0,13.0,29.0,21.0,1.0,b'false'
43.0,4.0,1.0,4.0,267.0,1619.65,0.05,19.2,84.37,31093.83,0.54,1727.43,1.0,29.0,31.0,0.0,19.0,48.0,170.0,97.0,7.0,b'false'
36.0,2.0,1.0,2.0,171.0,916.14,0.04,24.18,37.89,22153.96,0.31,1230.78,11.0,31.0,34.0,0.0,19.0,22.0,115.0,56.0,3.0,b'false'
21.0,4.0,1.0,3.0,87.0,472.09,0.11,9.48,49.79,4476.07,0.16,248.67,11.0,5.0,14.0,0.0,16.0,27.0,55.0,32.0,7.0,b'false'
6.0,1.0,1.0,1.0,23.0,92.0,0.19,5.14,17.89,473.14,0.03,26.29,2.0,7.0,2.0,0.0,9.0,7.0,15.0,8.0,1.0,b'false'
5.0,1.0,1.0,1.0,14.0,51.81,0.22,4.5,11.51,233.13,0.02,12.95,2.0,0.0,1.0,0.0,9.0,4.0,10.0,4.0,1.0,b'false'
5.0,1.0,1.0,1.0,14.0,53.3,0.22,4.5,11.85,239.86,0.02,13.33,3.0,0.0,1.0,0.0,9.0,5.0,9.0,5.0,1.0,b'false'
8.0,1.0,1.0,1.0,39.0,162.63,0.12,8.13,20.02,1321.34,0.05,73.41,5.0,0.0,5.0,0.0,10.0,8.0,26.0,13.0,1.0,b'false'
6.0,1.0,1.0,1.0,35.0,143.06,0.15,6.75,21.19,965.66,0.05,53.65,6.0,0.0,4.0,0.0,9.0,8.0,23.0,12.0,1.0,b'false'
16.0,4.0,1.0,2.0,91.0,474.06,0.05,19.41,24.42,9202.35,0.16,511.24,1.0,1.0,5.0,0.0,20.0,17.0,58.0,33.0,7.0,b'false'
14.0,3.0,1.0,3.0,37.0,167.37,0.1,10.4,16.09,1740.67,0.06,96.7,0.0,7.0,4.0,0.0,13.0,10.0,21.0,16.0,5.0,b'false'
88.0,19.0,9.0,9.0,492.0,3289.76,0.02,48.79,67.42,160516.7,1.1,8917.59,6.0,51.0,39.0,0.0,33.0,70.0,285.0,207.0,37.0,b'false'
29.0,4.0,1.0,3.0,151.0,912.7,0.05,18.53,49.27,16907.83,0.3,939.32,7.0,6.0,18.0,0.0,26.0,40.0,94.0,57.0,6.0,b'false'
60.0,21.0,5.0,15.0,809.0,5767.59,0.01,73.1,78.9,421634.86,1.92,23424.16,16.0,37.0,49.0,0.0,44.0,96.0,490.0,319.0,41.0,b'false'
52.0,10.0,3.0,6.0,342.0,2220.21,0.02,46.67,47.58,103609.98,0.74,5756.11,12.0,25.0,31.0,0.0,36.0,54.0,202.0,140.0,19.0,b'false'
7.0,1.0,1.0,1.0,19.0,76.0,0.22,4.5,16.89,342.0,0.03,19.0,1.0,0.0,1.0,0.0,8.0,8.0,10.0,9.0,1.0,b'false'
8.0,1.0,1.0,1.0,34.0,146.95,0.2,5.0,29.39,734.73,0.05,40.82,2.0,5.0,7.0,0.0,8.0,12.0,19.0,15.0,1.0,b'false'
20.0,1.0,1.0,1.0,99.0,507.8,0.12,8.25,61.55,4189.34,0.17,232.74,3.0,4.0,6.0,0.0,11.0,24.0,63.0,36.0,1.0,b'false'
29.0,6.0,1.0,6.0,133.0,707.82,0.04,24.0,29.49,16987.59,0.24,943.76,7.0,3.0,5.0,0.0,20.0,20.0,85.0,48.0,8.0,b'false'
9.0,1.0,1.0,1.0,28.0,114.45,0.14,7.14,16.02,817.49,0.04,45.42,0.0,0.0,2.0,0.0,10.0,7.0,18.0,10.0,1.0,b'false'
15.0,4.0,4.0,2.0,55.0,264.4,0.08,12.0,22.03,3172.85,0.09,176.27,1.0,0.0,1.0,0.0,16.0,12.0,37.0,18.0,7.0,b'false'
14.0,2.0,1.0,1.0,51.0,239.72,0.11,9.5,25.23,2277.36,0.08,126.52,2.0,7.0,7.0,0.0,13.0,13.0,32.0,19.0,3.0,b'false'
22.0,3.0,1.0,1.0,47.0,215.49,0.12,8.03,26.81,1732.23,0.07,96.24,0.0,0.0,1.0,0.0,11.0,13.0,28.0,19.0,4.0,b'false'
63.0,15.0,4.0,3.0,262.0,1626.88,0.03,35.45,45.89,57670.7,0.54,3203.93,5.0,0.0,17.0,0.0,35.0,39.0,183.0,79.0,20.0,b'false'
9.0,2.0,1.0,1.0,40.0,178.38,0.14,7.22,24.7,1288.28,0.06,71.57,2.0,1.0,3.0,0.0,13.0,9.0,30.0,10.0,3.0,b'false'
9.0,2.0,1.0,1.0,39.0,173.92,0.14,7.22,24.08,1256.07,0.06,69.78,2.0,0.0,3.0,0.0,13.0,9.0,29.0,10.0,3.0,b'false'
17.0,4.0,1.0,2.0,68.0,340.0,0.07,13.6,25.0,4624.0,0.11,256.89,1.0,1.0,6.0,0.0,17.0,15.0,44.0,24.0,7.0,b'false'
9.0,3.0,3.0,1.0,19.0,70.31,0.21,4.8,14.65,337.48,0.02,18.75,0.0,0.0,0.0,0.0,8.0,5.0,13.0,6.0,5.0,b'false'
10.0,2.0,1.0,1.0,62.0,294.8,0.08,12.5,23.58,3685.04,0.1,204.72,4.0,0.0,4.0,0.0,15.0,12.0,42.0,20.0,3.0,b'false'
3.0,1.0,1.0,1.0,5.0,11.61,0.5,2.0,5.8,23.22,0.0,1.29,0.0,0.0,0.0,0.0,4.0,1.0,4.0,1.0,1.0,b'false'
9.0,5.0,5.0,1.0,31.0,124.0,0.16,6.43,19.29,797.14,0.04,44.29,0.0,0.0,0.0,0.0,9.0,7.0,21.0,10.0,9.0,b'false'
101.0,19.0,9.0,8.0,677.0,4887.38,0.02,64.68,75.56,316115.55,1.63,17561.98,44.0,76.0,84.0,0.0,49.0,100.0,413.0,264.0,37.0,b'false'
29.0,8.0,1.0,6.0,555.0,3695.31,0.02,48.05,76.91,177559.52,1.23,9864.42,28.0,6.0,17.0,0.0,31.0,70.0,338.0,217.0,15.0,b'false'
22.0,6.0,5.0,4.0,185.0,1092.77,0.03,29.45,37.1,32187.18,0.36,1788.18,3.0,8.0,16.0,0.0,27.0,33.0,113.0,72.0,11.0,b'false'
106.0,13.0,1.0,11.0,421.0,2739.78,0.04,27.04,101.31,74089.87,0.91,4116.1,0.0,14.0,51.0,0.0,20.0,71.0,229.0,192.0,25.0,b'false'
21.0,3.0,1.0,3.0,86.0,454.54,0.09,11.25,40.4,5113.63,0.15,284.09,0.0,6.0,6.0,0.0,15.0,24.0,50.0,36.0,5.0,b'false'
10.0,2.0,1.0,2.0,37.0,162.52,0.14,7.27,22.35,1181.93,0.05,65.66,0.0,0.0,1.0,0.0,10.0,11.0,21.0,16.0,3.0,b'false'
17.0,3.0,1.0,3.0,137.0,718.97,0.04,24.29,29.6,17460.6,0.24,970.03,4.0,3.0,9.0,0.0,17.0,21.0,77.0,60.0,5.0,b'false'
13.0,3.0,1.0,3.0,71.0,337.6,0.08,13.2,25.58,4456.28,0.11,247.57,4.0,0.0,5.0,0.0,12.0,15.0,38.0,33.0,5.0,b'false'
4.0,1.0,1.0,1.0,5.0,11.61,0.67,1.5,7.74,17.41,0.0,0.97,0.0,3.0,1.0,0.0,3.0,2.0,3.0,2.0,1.0,b'false'
49.0,13.0,8.0,6.0,384.0,2312.59,0.02,55.62,41.58,128629.96,0.77,7146.11,0.0,22.0,15.0,0.0,28.0,37.0,237.0,147.0,25.0,b'false'
49.0,13.0,8.0,6.0,384.0,2312.59,0.02,55.62,41.58,128629.96,0.77,7146.11,0.0,22.0,15.0,0.0,28.0,37.0,237.0,147.0,25.0,b'false'
55.0,14.0,9.0,5.0,366.0,2272.66,0.02,49.74,45.69,113051.62,0.76,6280.65,1.0,23.0,23.0,0.0,31.0,43.0,228.0,138.0,27.0,b'false'
55.0,14.0,9.0,5.0,366.0,2272.66,0.02,49.74,45.69,113051.62,0.76,6280.65,1.0,23.0,23.0,0.0,31.0,43.0,228.0,138.0,27.0,b'false'
17.0,5.0,4.0,2.0,120.0,620.39,0.04,23.47,26.43,14560.94,0.21,808.94,1.0,10.0,4.0,0.0,19.0,17.0,78.0,42.0,9.0,b'false'
17.0,5.0,4.0,2.0,120.0,620.39,0.04,23.47,26.43,14560.94,0.21,808.94,1.0,10.0,4.0,0.0,19.0,17.0,78.0,42.0,9.0,b'false'
20.0,5.0,4.0,2.0,127.0,671.25,0.04,23.16,28.99,15544.65,0.22,863.59,1.0,5.0,3.0,0.0,20.0,19.0,83.0,44.0,9.0,b'false'
20.0,5.0,4.0,2.0,127.0,671.25,0.04,23.16,28.99,15544.65,0.22,863.59,1.0,5.0,3.0,0.0,20.0,19.0,83.0,44.0,9.0,b'false'
30.0,9.0,9.0,2.0,405.0,2183.89,0.01,76.87,28.41,167872.07,0.73,9326.23,1.0,12.0,6.0,0.0,23.0,19.0,278.0,127.0,17.0,b'false'
45.0,15.0,15.0,2.0,581.0,3190.77,0.01,95.66,33.36,305225.84,1.06,16956.99,1.0,16.0,9.0,0.0,23.0,22.0,398.0,183.0,29.0,b'false'
20.0,6.0,6.0,2.0,241.0,1299.55,0.02,46.0,28.25,59779.23,0.43,3321.07,1.0,6.0,7.0,0.0,23.0,19.0,165.0,76.0,11.0,b'false'
41.0,10.0,7.0,2.0,312.0,1905.86,0.03,38.79,49.14,73923.53,0.64,4106.85,3.0,8.0,6.0,0.0,29.0,40.0,205.0,107.0,19.0,b'false'
25.0,8.0,8.0,1.0,228.0,1252.14,0.04,27.04,46.31,33856.01,0.42,1880.89,0.0,8.0,5.0,0.0,19.0,26.0,154.0,74.0,15.0,b'false'
22.0,5.0,1.0,2.0,114.0,602.54,0.05,22.11,27.26,13319.21,0.2,739.96,10.0,22.0,6.0,0.0,20.0,19.0,72.0,42.0,9.0,b'false'
41.0,4.0,1.0,4.0,247.0,1453.01,0.04,23.68,61.36,34405.27,0.48,1911.4,0.0,21.0,15.0,0.0,17.0,42.0,130.0,117.0,7.0,b'false'
48.0,6.0,5.0,4.0,279.0,1758.75,0.04,24.77,71.01,43561.75,0.59,2420.1,25.0,13.0,40.0,0.0,25.0,54.0,172.0,107.0,11.0,b'false'
24.0,9.0,1.0,8.0,74.0,355.74,0.09,11.65,30.54,4143.37,0.12,230.19,0.0,0.0,9.0,0.0,11.0,17.0,38.0,36.0,17.0,b'false'
25.0,4.0,1.0,3.0,97.0,480.56,0.04,22.46,21.39,10795.37,0.16,599.74,0.0,15.0,16.0,0.0,17.0,14.0,60.0,37.0,7.0,b'false'
176.0,23.0,15.0,17.0,696.0,5219.89,0.03,37.2,140.31,194194.61,1.74,10788.59,6.0,100.0,82.0,0.0,38.0,143.0,416.0,280.0,43.0,b'false'
10.0,2.0,1.0,2.0,21.0,75.28,0.14,7.0,10.75,526.99,0.03,29.28,0.0,0.0,1.0,0.0,8.0,4.0,14.0,7.0,3.0,b'false'
66.0,9.0,4.0,7.0,342.0,2203.49,0.03,28.98,76.03,63864.99,0.73,3548.06,5.0,26.0,34.0,0.0,26.0,61.0,206.0,136.0,17.0,b'false'
32.0,4.0,1.0,3.0,130.0,744.63,0.06,16.36,45.51,12184.85,0.25,676.94,9.0,31.0,22.0,0.0,20.0,33.0,76.0,54.0,7.0,b'false'
18.0,2.0,1.0,2.0,70.0,364.66,0.1,10.29,35.45,3750.81,0.12,208.38,0.0,12.0,9.0,0.0,16.0,21.0,43.0,27.0,3.0,b'false'
3.0,1.0,1.0,1.0,7.0,19.65,0.5,2.0,9.83,39.3,0.01,2.18,0.0,0.0,2.0,0.0,4.0,3.0,4.0,3.0,1.0,b'false'
14.0,3.0,3.0,2.0,46.0,218.72,0.07,13.82,15.83,3022.38,0.07,167.91,3.0,4.0,12.0,0.0,16.0,11.0,27.0,19.0,5.0,b'false'
29.0,4.0,3.0,3.0,133.0,768.92,0.05,19.35,39.73,14882.34,0.26,826.8,4.0,21.0,14.0,0.0,24.0,31.0,83.0,50.0,7.0,b'false'
104.0,18.0,13.0,7.0,372.0,2414.97,0.02,41.38,58.36,99929.77,0.8,5551.65,5.0,70.0,38.0,0.0,32.0,58.0,222.0,150.0,35.0,b'false'
68.0,12.0,5.0,7.0,187.0,1130.3,0.05,21.71,52.05,24543.69,0.38,1363.54,4.0,58.0,39.0,0.0,24.0,42.0,111.0,76.0,23.0,b'false'
7.0,1.0,1.0,1.0,7.0,18.09,0.5,2.0,9.05,36.19,0.01,2.0,1.0,0.0,2.0,0.0,4.0,2.0,5.0,2.0,1.0,b'false'
21.0,4.0,1.0,4.0,104.0,567.78,0.06,17.86,31.79,10140.57,0.19,563.36,4.0,16.0,19.0,0.0,19.0,25.0,57.0,47.0,7.0,b'false'
10.0,2.0,1.0,1.0,24.0,103.73,0.2,5.0,20.75,518.63,0.03,28.81,0.0,0.0,1.0,0.0,10.0,10.0,14.0,10.0,3.0,b'false'
19.0,3.0,1.0,3.0,74.0,366.61,0.1,9.75,37.6,3574.45,0.12,198.58,9.0,7.0,13.0,0.0,13.0,18.0,47.0,27.0,5.0,b'false'
7.0,1.0,1.0,1.0,11.0,34.87,0.29,3.5,9.96,122.04,0.01,6.78,0.0,0.0,0.0,0.0,7.0,2.0,9.0,2.0,1.0,b'false'
8.0,1.0,1.0,1.0,11.0,36.54,0.29,3.5,10.44,127.89,0.01,7.11,0.0,0.0,0.0,0.0,7.0,3.0,8.0,3.0,1.0,b'false'
8.0,1.0,1.0,1.0,11.0,36.54,0.33,3.0,12.18,109.62,0.01,6.09,0.0,0.0,0.0,0.0,6.0,4.0,7.0,4.0,1.0,b'false'
8.0,1.0,1.0,1.0,11.0,36.54,0.33,3.0,12.18,109.62,0.01,6.09,0.0,0.0,0.0,0.0,6.0,4.0,7.0,4.0,1.0,b'false'
19.0,2.0,1.0,1.0,57.0,261.33,0.09,10.58,24.71,2764.2,0.09,153.57,0.0,0.0,3.0,0.0,11.0,13.0,32.0,25.0,3.0,b'false'
10.0,2.0,1.0,1.0,23.0,87.57,0.19,5.4,16.21,472.87,0.03,26.27,1.0,6.0,6.0,0.0,9.0,5.0,17.0,6.0,3.0,b'false'
11.0,1.0,1.0,1.0,42.0,155.42,0.16,6.25,24.87,971.37,0.05,53.96,0.0,1.0,3.0,0.0,5.0,8.0,22.0,20.0,1.0,b'false'
9.0,1.0,1.0,1.0,18.0,68.53,0.2,5.0,13.71,342.66,0.02,19.04,0.0,0.0,1.0,0.0,10.0,4.0,14.0,4.0,1.0,b'false'
7.0,1.0,1.0,1.0,10.0,33.22,0.33,3.0,11.07,99.66,0.01,5.54,0.0,0.0,0.0,0.0,6.0,4.0,6.0,4.0,1.0,b'false'
8.0,1.0,1.0,1.0,46.0,191.82,0.14,7.0,27.4,1342.72,0.06,74.6,0.0,1.0,2.0,0.0,9.0,9.0,32.0,14.0,1.0,b'false'
15.0,2.0,1.0,1.0,42.0,178.41,0.1,9.63,18.54,1717.22,0.06,95.4,0.0,0.0,3.0,0.0,11.0,8.0,28.0,14.0,3.0,b'false'
10.0,2.0,1.0,2.0,39.0,171.3,0.09,10.56,16.21,1809.36,0.06,100.52,4.0,15.0,6.0,0.0,13.0,8.0,26.0,13.0,3.0,b'false'
6.0,1.0,1.0,1.0,9.0,27.0,0.33,3.0,9.0,81.0,0.01,4.5,0.0,0.0,0.0,0.0,6.0,2.0,7.0,2.0,1.0,b'false'
44.0,6.0,1.0,6.0,152.0,886.6,0.05,18.91,46.89,16764.79,0.3,931.38,1.0,16.0,12.0,0.0,24.0,33.0,100.0,52.0,11.0,b'false'
8.0,1.0,1.0,1.0,34.0,138.97,0.16,6.19,22.46,859.9,0.05,47.77,0.0,2.0,6.0,0.0,9.0,8.0,23.0,11.0,1.0,b'false'
15.0,2.0,1.0,1.0,62.0,294.8,0.15,6.87,42.88,2026.77,0.1,112.6,0.0,0.0,0.0,0.0,11.0,16.0,42.0,20.0,3.0,b'false'
7.0,1.0,1.0,1.0,30.0,122.62,0.18,5.63,21.8,689.76,0.04,38.32,0.0,0.0,0.0,0.0,9.0,8.0,20.0,10.0,1.0,b'false'
6.0,1.0,1.0,1.0,26.0,101.58,0.17,6.0,16.93,609.47,0.03,33.86,0.0,0.0,1.0,0.0,9.0,6.0,18.0,8.0,1.0,b'false'
15.0,3.0,1.0,3.0,36.0,147.15,0.06,18.0,8.17,2648.68,0.05,147.15,0.0,0.0,3.0,0.0,12.0,5.0,21.0,15.0,5.0,b'false'
70.0,13.0,7.0,9.0,355.0,2263.14,0.04,27.86,81.22,63061.03,0.75,3503.39,6.0,15.0,25.0,0.0,24.0,59.0,218.0,137.0,25.0,b'false'
24.0,4.0,1.0,4.0,91.0,466.76,0.06,16.94,27.55,7907.54,0.16,439.31,3.0,2.0,5.0,0.0,18.0,17.0,59.0,32.0,7.0,b'false'
6.0,1.0,1.0,1.0,21.0,84.0,0.17,5.79,14.52,486.0,0.03,27.0,3.0,2.0,5.0,0.0,9.0,7.0,12.0,9.0,1.0,b'false'
12.0,3.0,1.0,2.0,106.0,525.14,0.06,18.12,28.99,9514.39,0.18,528.58,7.0,9.0,15.0,0.0,14.0,17.0,62.0,44.0,5.0,b'false'
5.0,1.0,1.0,1.0,7.0,19.65,0.5,2.0,9.83,39.3,0.01,2.18,2.0,1.0,3.0,0.0,4.0,3.0,4.0,3.0,1.0,b'false'
8.0,1.0,1.0,1.0,45.0,187.65,0.09,10.63,17.66,1993.75,0.06,110.76,4.0,2.0,5.0,0.0,10.0,8.0,28.0,17.0,1.0,b'false'
9.0,2.0,1.0,1.0,43.0,185.84,0.07,13.5,13.77,2508.88,0.06,139.38,2.0,2.0,6.0,0.0,12.0,8.0,25.0,18.0,3.0,b'false'
9.0,2.0,1.0,1.0,53.0,232.79,0.06,17.06,13.64,3972.03,0.08,220.67,2.0,2.0,5.0,0.0,13.0,8.0,32.0,21.0,3.0,b'false'
19.0,4.0,1.0,4.0,134.0,731.56,0.05,18.29,40.01,13377.17,0.24,743.18,3.0,0.0,4.0,0.0,16.0,28.0,70.0,64.0,7.0,b'false'
6.0,1.0,1.0,1.0,13.0,43.19,0.33,3.0,14.4,129.56,0.01,7.2,3.0,2.0,5.0,0.0,5.0,5.0,7.0,6.0,1.0,b'false'
25.0,6.0,1.0,6.0,182.0,1005.29,0.04,23.73,42.36,23858.84,0.34,1325.49,3.0,0.0,4.0,0.0,16.0,30.0,93.0,89.0,11.0,b'false'
19.0,3.0,1.0,3.0,72.0,360.0,0.1,10.11,35.6,3640.0,0.12,202.22,1.0,9.0,14.0,0.0,14.0,18.0,46.0,26.0,5.0,b'false'
76.0,16.0,10.0,11.0,526.0,3670.05,0.03,33.87,108.35,124313.16,1.22,6906.29,28.0,17.0,35.0,0.0,32.0,94.0,327.0,199.0,31.0,b'false'
35.0,5.0,1.0,5.0,191.0,1114.08,0.1,10.11,110.24,11259.34,0.37,625.52,1.0,0.0,1.0,0.0,10.0,47.0,96.0,95.0,9.0,b'false'
8.0,3.0,1.0,2.0,43.0,188.87,0.09,10.67,17.71,2014.61,0.06,111.92,7.0,2.0,6.0,0.0,12.0,9.0,27.0,16.0,5.0,b'false'
14.0,1.0,1.0,1.0,49.0,196.0,0.36,2.77,70.78,542.77,0.07,30.15,0.0,0.0,0.0,0.0,3.0,13.0,25.0,24.0,1.0,b'false'
7.0,1.0,1.0,1.0,27.0,102.8,0.13,8.0,12.85,822.39,0.03,45.69,2.0,1.0,3.0,0.0,8.0,6.0,15.0,12.0,1.0,b'false'
27.0,5.0,1.0,4.0,159.0,888.01,0.05,20.7,42.9,18381.79,0.3,1021.21,8.0,19.0,17.0,0.0,23.0,25.0,114.0,45.0,9.0,b'false'
20.0,3.0,1.0,2.0,205.0,1138.69,0.03,30.2,37.71,34384.39,0.38,1910.24,10.0,7.0,16.0,0.0,19.0,28.0,116.0,89.0,5.0,b'false'
27.0,6.0,1.0,2.0,279.0,1627.38,0.03,33.51,48.56,54539.1,0.54,3029.95,14.0,5.0,11.0,0.0,20.0,37.0,155.0,124.0,11.0,b'false'
25.0,5.0,1.0,4.0,100.0,552.36,0.05,20.16,27.4,11135.5,0.18,618.64,2.0,0.0,5.0,0.0,21.0,25.0,52.0,48.0,9.0,b'false'
423.0,96.0,27.0,63.0,2075.0,17124.28,0.01,125.77,136.16,2153690.63,5.71,119649.48,80.0,165.0,81.0,0.0,72.0,233.0,1261.0,814.0,162.0,b'false'
30.0,5.0,1.0,5.0,189.0,1061.18,0.07,13.61,78.0,14437.64,0.35,802.09,1.0,0.0,2.0,0.0,11.0,38.0,95.0,94.0,9.0,b'false'
10.0,4.0,1.0,3.0,28.0,109.39,0.18,5.69,19.23,622.17,0.04,34.57,2.0,2.0,20.0,0.0,7.0,8.0,15.0,13.0,7.0,b'false'
49.0,16.0,10.0,3.0,399.0,2602.9,0.03,31.06,83.81,80843.05,0.87,4491.28,35.0,12.0,115.0,0.0,24.0,68.0,223.0,176.0,31.0,b'false'
85.0,32.0,12.0,10.0,589.0,4031.99,0.02,51.47,78.34,207526.23,1.34,11529.23,53.0,27.0,156.0,0.0,32.0,83.0,322.0,267.0,63.0,b'false'
8.0,7.0,1.0,1.0,74.0,347.83,0.06,16.32,21.3,5681.26,0.12,315.63,15.0,2.0,10.0,0.0,14.0,12.0,46.0,28.0,13.0,b'false'
50.0,15.0,9.0,1.0,219.0,1282.9,0.04,25.26,50.79,32401.84,0.43,1800.1,19.0,53.0,17.0,0.0,21.0,37.0,130.0,89.0,29.0,b'false'
165.0,29.0,27.0,22.0,1118.0,8593.51,0.02,42.76,200.98,367446.53,2.86,20413.7,61.0,32.0,48.0,0.0,32.0,174.0,653.0,465.0,57.0,b'false'
17.0,2.0,1.0,2.0,103.0,505.41,0.11,9.27,54.5,4686.53,0.17,260.36,1.0,0.0,1.0,0.0,8.0,22.0,52.0,51.0,3.0,b'false'
15.0,4.0,1.0,4.0,55.0,267.19,0.08,13.07,20.45,3491.27,0.09,193.96,1.0,0.0,1.0,0.0,14.0,15.0,27.0,28.0,7.0,b'false'
61.0,11.0,7.0,10.0,259.0,1571.12,0.05,18.72,83.91,29416.66,0.52,1634.26,6.0,8.0,17.0,0.0,20.0,47.0,171.0,88.0,21.0,b'false'
63.0,12.0,3.0,10.0,493.0,3343.21,0.02,40.22,83.12,134469.0,1.11,7470.5,30.0,18.0,74.0,0.0,31.0,79.0,288.0,205.0,23.0,b'false'
16.0,3.0,1.0,3.0,82.0,427.18,0.07,15.16,28.18,6475.08,0.14,359.73,8.0,4.0,33.0,0.0,18.0,19.0,50.0,32.0,5.0,b'false'
49.0,13.0,1.0,13.0,132.0,773.25,0.05,21.53,35.91,16649.11,0.26,924.95,1.0,0.0,1.0,0.0,26.0,32.0,79.0,53.0,16.0,b'false'
52.0,14.0,1.0,14.0,142.0,842.16,0.04,23.03,36.57,19394.56,0.28,1077.48,1.0,0.0,1.0,0.0,27.0,34.0,84.0,58.0,18.0,b'false'
42.0,7.0,1.0,7.0,263.0,1633.09,0.1,10.16,160.8,16586.02,0.54,921.45,1.0,0.0,4.0,0.0,10.0,64.0,133.0,130.0,13.0,b'false'
62.0,13.0,9.0,10.0,271.0,1655.41,0.05,20.34,81.37,33677.25,0.55,1870.96,5.0,8.0,16.0,0.0,21.0,48.0,178.0,93.0,25.0,b'false'
65.0,13.0,3.0,10.0,520.0,3559.65,0.02,43.66,81.52,155431.03,1.19,8635.06,30.0,19.0,40.0,0.0,33.0,82.0,303.0,217.0,25.0,b'false'
75.0,17.0,9.0,11.0,471.0,3235.94,0.03,38.3,84.48,123948.13,1.08,6886.01,25.0,15.0,77.0,0.0,33.0,84.0,276.0,195.0,33.0,b'false'
8.0,2.0,1.0,1.0,14.0,48.43,0.23,4.38,11.07,211.89,0.02,11.77,0.0,10.0,4.0,0.0,7.0,4.0,9.0,5.0,3.0,b'false'
8.0,2.0,1.0,1.0,25.0,106.2,0.16,6.19,17.16,657.1,0.04,36.51,0.0,5.0,3.0,0.0,11.0,8.0,16.0,9.0,3.0,b'false'
3.0,1.0,1.0,1.0,5.0,11.61,0.5,2.0,5.8,23.22,0.0,1.29,0.0,0.0,1.0,0.0,4.0,1.0,4.0,1.0,1.0,b'false'
4.0,1.0,1.0,1.0,7.0,16.25,0.67,1.5,10.84,24.38,0.01,1.35,0.0,0.0,0.0,0.0,3.0,2.0,5.0,2.0,1.0,b'false'
15.0,4.0,3.0,1.0,52.0,249.98,0.07,14.68,17.03,3670.2,0.08,203.9,2.0,14.0,8.0,0.0,17.0,11.0,33.0,19.0,7.0,b'false'
8.0,2.0,1.0,1.0,14.0,48.43,0.23,4.38,11.07,211.89,0.02,11.77,0.0,10.0,4.0,0.0,7.0,4.0,9.0,5.0,3.0,b'false'
9.0,2.0,1.0,2.0,26.0,108.42,0.18,5.5,19.71,596.3,0.04,33.13,0.0,2.0,3.0,0.0,9.0,9.0,15.0,11.0,3.0,b'false'
13.0,3.0,1.0,2.0,66.0,313.82,0.07,13.93,22.53,4371.1,0.1,242.84,4.0,19.0,13.0,0.0,13.0,14.0,36.0,30.0,5.0,b'false'
3.0,1.0,1.0,1.0,5.0,11.61,0.5,2.0,5.8,23.22,0.0,1.29,0.0,0.0,1.0,0.0,4.0,1.0,4.0,1.0,1.0,b'false'
4.0,1.0,1.0,1.0,7.0,16.25,0.67,1.5,10.84,24.38,0.01,1.35,0.0,0.0,0.0,0.0,3.0,2.0,5.0,2.0,1.0,b'false'
6.0,1.0,1.0,1.0,17.0,64.73,0.22,4.5,14.38,291.26,0.02,16.18,1.0,7.0,5.0,0.0,9.0,5.0,12.0,5.0,1.0,b'false'
6.0,1.0,1.0,1.0,16.0,59.21,0.25,4.0,14.8,236.83,0.02,13.16,1.0,7.0,5.0,0.0,8.0,5.0,11.0,5.0,1.0,b'false'
15.0,2.0,1.0,1.0,40.0,183.4,0.09,10.64,17.24,1950.69,0.06,108.37,0.0,7.0,7.0,0.0,13.0,11.0,22.0,18.0,3.0,b'false'
9.0,1.0,1.0,1.0,21.0,84.0,0.19,5.14,16.32,432.0,0.03,24.0,0.0,3.0,5.0,0.0,9.0,7.0,13.0,8.0,1.0,b'false'
9.0,1.0,1.0,1.0,21.0,84.0,0.19,5.14,16.32,432.0,0.03,24.0,0.0,3.0,5.0,0.0,9.0,7.0,13.0,8.0,1.0,b'false'
20.0,1.0,1.0,1.0,120.0,629.75,0.06,16.0,39.36,10076.02,0.21,559.78,1.0,19.0,16.0,0.0,16.0,22.0,76.0,44.0,1.0,b'false'
7.0,1.0,1.0,1.0,13.0,43.19,0.4,2.5,17.27,107.96,0.01,6.0,2.0,2.0,3.0,0.0,5.0,5.0,8.0,5.0,1.0,b'false'
3.0,1.0,1.0,1.0,22.0,85.95,0.2,5.0,17.19,429.76,0.03,23.88,1.0,0.0,3.0,0.0,10.0,5.0,17.0,5.0,1.0,b'false'
3.0,1.0,1.0,1.0,21.0,79.95,0.22,4.5,17.77,359.8,0.03,19.99,1.0,0.0,3.0,0.0,9.0,5.0,16.0,5.0,1.0,b'false'
6.0,2.0,1.0,2.0,27.0,112.59,0.16,6.29,17.91,707.7,0.04,39.32,2.0,6.0,4.0,0.0,11.0,7.0,19.0,8.0,3.0,b'false'
7.0,1.0,1.0,1.0,13.0,43.19,0.4,2.5,17.27,107.96,0.01,6.0,2.0,2.0,3.0,0.0,5.0,5.0,8.0,5.0,1.0,b'false'
3.0,1.0,1.0,1.0,22.0,85.95,0.2,5.0,17.19,429.76,0.03,23.88,1.0,0.0,3.0,0.0,10.0,5.0,17.0,5.0,1.0,b'false'
3.0,1.0,1.0,1.0,21.0,79.95,0.22,4.5,17.77,359.8,0.03,19.99,1.0,0.0,3.0,0.0,9.0,5.0,16.0,5.0,1.0,b'false'
6.0,2.0,1.0,2.0,27.0,112.59,0.16,6.29,17.91,707.7,0.04,39.32,2.0,6.0,4.0,0.0,11.0,7.0,19.0,8.0,3.0,b'false'
2.0,1.0,1.0,1.0,1.0,0.0,0.0,0.0,0.0,0.0,0.0,0.0,0.0,0.0,1.0,0.0,1.0,0.0,1.0,0.0,1.0,b'false'
2.0,1.0,1.0,1.0,1.0,0.0,0.0,0.0,0.0,0.0,0.0,0.0,0.0,0.0,1.0,0.0,1.0,0.0,1.0,0.0,1.0,b'false'
3.0,1.0,1.0,1.0,1.0,0.0,0.0,0.0,0.0,0.0,0.0,0.0,0.0,12.0,8.0,0.0,1.0,0.0,1.0,0.0,1.0,b'false'
4.0,1.0,1.0,1.0,5.0,11.61,0.5,2.0,5.8,23.22,0.0,1.29,2.0,0.0,3.0,0.0,4.0,1.0,4.0,1.0,1.0,b'false'
9.0,2.0,1.0,1.0,15.0,51.89,0.23,4.38,11.86,227.03,0.02,12.61,0.0,8.0,2.0,0.0,7.0,4.0,10.0,5.0,3.0,b'false'
16.0,1.0,1.0,1.0,88.0,408.66,0.07,15.32,26.67,6261.24,0.14,347.85,0.0,4.0,7.0,0.0,11.0,14.0,49.0,39.0,1.0,b'false'
5.0,1.0,1.0,1.0,5.0,11.61,0.67,1.5,7.74,17.41,0.0,0.97,1.0,1.0,2.0,0.0,3.0,2.0,3.0,2.0,1.0,b'false'
4.0,1.0,1.0,1.0,15.0,47.55,0.27,3.75,12.68,178.31,0.02,9.91,3.0,1.0,1.0,0.0,5.0,4.0,9.0,6.0,1.0,b'false'
5.0,1.0,1.0,1.0,27.0,105.49,0.16,6.29,16.78,663.06,0.04,36.84,4.0,5.0,2.0,0.0,8.0,7.0,16.0,11.0,1.0,b'false'
9.0,2.0,1.0,1.0,39.0,171.3,0.1,10.0,17.13,1713.0,0.06,95.17,2.0,5.0,3.0,0.0,12.0,9.0,24.0,15.0,3.0,b'false'
18.0,3.0,1.0,1.0,47.0,215.49,0.12,8.03,26.81,1732.23,0.07,96.24,4.0,0.0,2.0,0.0,11.0,13.0,28.0,19.0,4.0,b'false'
38.0,10.0,4.0,4.0,142.0,835.34,0.04,26.1,32.0,21802.25,0.28,1211.24,4.0,33.0,27.0,0.0,29.0,30.0,88.0,54.0,13.0,b'false'
14.0,6.0,5.0,1.0,59.0,277.33,0.06,17.6,15.76,4880.94,0.09,271.16,2.0,2.0,6.0,0.0,16.0,10.0,37.0,22.0,11.0,b'false'
47.0,13.0,3.0,2.0,150.0,863.23,0.04,27.86,30.99,24047.21,0.29,1335.96,7.0,14.0,20.0,0.0,26.0,28.0,90.0,60.0,21.0,b'false'
11.0,2.0,1.0,1.0,29.0,125.34,0.16,6.11,20.51,765.94,0.04,42.55,0.0,1.0,4.0,0.0,11.0,9.0,19.0,10.0,3.0,b'false'
11.0,2.0,1.0,1.0,28.0,121.01,0.16,6.11,19.8,739.53,0.04,41.08,0.0,2.0,5.0,0.0,11.0,9.0,18.0,10.0,3.0,b'false'
11.0,2.0,1.0,1.0,32.0,142.7,0.1,9.63,14.83,1373.5,0.05,76.31,1.0,2.0,3.0,0.0,14.0,8.0,21.0,11.0,3.0,b'false'
21.0,4.0,4.0,4.0,96.0,492.41,0.1,10.5,46.9,5170.32,0.16,287.24,3.0,7.0,7.0,0.0,15.0,20.0,68.0,28.0,7.0,b'false'
23.0,4.0,4.0,4.0,96.0,492.41,0.1,10.5,46.9,5170.32,0.16,287.24,1.0,5.0,7.0,0.0,15.0,20.0,68.0,28.0,7.0,b'false'
13.0,3.0,1.0,3.0,49.0,240.44,0.14,7.26,33.1,1746.71,0.08,97.04,0.0,0.0,0.0,0.0,13.0,17.0,30.0,19.0,5.0,b'false'
21.0,3.0,1.0,3.0,72.0,377.85,0.09,10.93,34.57,4129.37,0.13,229.41,0.0,0.0,0.0,0.0,17.0,21.0,45.0,27.0,5.0,b'false'
21.0,3.0,1.0,3.0,72.0,380.55,0.1,10.43,36.48,3969.82,0.13,220.55,0.0,0.0,0.0,0.0,17.0,22.0,45.0,27.0,5.0,b'false'
22.0,4.0,4.0,3.0,98.0,531.77,0.08,12.75,41.71,6780.12,0.18,376.67,0.0,0.0,0.0,0.0,17.0,26.0,59.0,39.0,7.0,b'false'
41.0,8.0,6.0,6.0,187.0,1113.43,0.07,14.8,75.22,16481.41,0.37,915.63,1.0,9.0,2.0,0.0,19.0,43.0,120.0,67.0,15.0,b'false'
22.0,4.0,3.0,2.0,64.0,310.91,0.07,14.77,21.05,4591.91,0.1,255.11,0.0,0.0,5.0,0.0,16.0,13.0,40.0,24.0,7.0,b'false'
9.0,3.0,3.0,1.0,24.0,91.38,0.1,10.0,9.14,913.77,0.03,50.76,0.0,0.0,0.0,0.0,10.0,4.0,16.0,8.0,5.0,b'false'
50.0,10.0,10.0,9.0,136.0,733.36,0.09,11.21,65.44,8218.63,0.24,456.59,0.0,0.0,12.0,0.0,13.0,29.0,86.0,50.0,19.0,b'false'
29.0,10.0,10.0,8.0,118.0,640.3,0.05,20.43,31.33,13084.38,0.21,726.91,1.0,0.0,8.0,0.0,20.0,23.0,71.0,47.0,19.0,b'false'
50.0,10.0,10.0,9.0,138.0,757.88,0.1,10.16,74.62,7697.18,0.25,427.62,0.0,0.0,12.0,0.0,13.0,32.0,88.0,50.0,19.0,b'false'
29.0,19.0,1.0,8.0,216.0,1310.28,0.05,18.55,70.63,24306.94,0.44,1350.39,8.0,0.0,5.0,0.0,18.0,49.0,115.0,101.0,37.0,b'false'
29.0,7.0,5.0,2.0,100.0,508.75,0.04,25.33,20.08,12888.24,0.17,716.01,0.0,9.0,5.0,0.0,19.0,15.0,60.0,40.0,13.0,b'false'
9.0,1.0,1.0,1.0,81.0,366.41,0.05,20.22,18.12,7409.59,0.12,411.64,0.0,2.0,3.0,0.0,14.0,9.0,55.0,26.0,1.0,b'false'
16.0,4.0,4.0,1.0,135.0,675.0,0.04,24.37,27.7,16447.5,0.23,913.75,0.0,3.0,4.0,0.0,17.0,15.0,92.0,43.0,7.0,b'false'
9.0,1.0,1.0,1.0,25.0,104.25,0.2,5.0,20.85,521.24,0.03,28.96,0.0,0.0,0.0,0.0,9.0,9.0,15.0,10.0,1.0,b'false'
6.0,1.0,1.0,1.0,19.0,70.31,0.29,3.43,20.51,241.06,0.02,13.39,0.0,0.0,0.0,0.0,6.0,7.0,11.0,8.0,1.0,b'false'
30.0,7.0,3.0,4.0,171.0,955.03,0.03,30.04,31.79,28687.59,0.32,1593.75,0.0,2.0,7.0,0.0,22.0,26.0,100.0,71.0,13.0,b'false'
14.0,2.0,1.0,2.0,20.0,71.7,0.35,2.86,25.09,204.86,0.02,11.38,0.0,0.0,2.0,0.0,5.0,7.0,12.0,8.0,3.0,b'false'
56.0,22.0,1.0,12.0,455.0,2982.34,0.02,53.98,55.25,160995.7,0.99,8944.21,0.0,1.0,10.0,0.0,35.0,59.0,273.0,182.0,40.0,b'false'
21.0,3.0,1.0,3.0,214.0,1207.79,0.04,26.67,45.29,32207.61,0.4,1789.31,1.0,10.0,7.0,0.0,20.0,30.0,134.0,80.0,5.0,b'false'
14.0,1.0,1.0,1.0,80.0,380.39,0.11,9.5,40.04,3613.71,0.13,200.76,3.0,12.0,7.0,0.0,9.0,18.0,42.0,38.0,1.0,b'false'
7.0,1.0,1.0,1.0,8.0,24.0,0.5,2.0,12.0,48.0,0.01,2.67,0.0,0.0,1.0,0.0,4.0,4.0,4.0,4.0,1.0,b'false'
16.0,3.0,3.0,1.0,40.0,169.92,0.17,5.85,29.05,994.02,0.06,55.22,0.0,0.0,3.0,0.0,9.0,10.0,27.0,13.0,5.0,b'false'
22.0,3.0,1.0,3.0,229.0,1335.73,0.04,25.08,53.25,33504.61,0.45,1861.37,1.0,4.0,5.0,0.0,21.0,36.0,143.0,86.0,5.0,b'false'
27.0,4.0,1.0,3.0,75.0,360.55,0.09,11.7,30.82,4218.45,0.12,234.36,0.0,3.0,9.0,0.0,13.0,15.0,48.0,27.0,7.0,b'false'
3.0,1.0,1.0,1.0,12.0,39.86,0.29,3.5,11.39,139.52,0.01,7.75,0.0,0.0,0.0,0.0,7.0,3.0,9.0,3.0,1.0,b'false'
7.0,2.0,1.0,1.0,27.0,105.49,0.08,12.0,8.79,1265.83,0.04,70.32,0.0,0.0,1.0,0.0,10.0,5.0,15.0,12.0,3.0,b'false'
3.0,1.0,1.0,1.0,14.0,48.43,0.23,4.38,11.07,211.89,0.02,11.77,0.0,0.0,0.0,0.0,7.0,4.0,9.0,5.0,1.0,b'false'
7.0,1.0,1.0,1.0,29.0,110.41,0.21,4.88,22.65,538.26,0.04,29.9,0.0,0.0,0.0,0.0,6.0,8.0,16.0,13.0,1.0,b'false'
9.0,3.0,1.0,1.0,41.0,170.97,0.07,14.14,12.09,2417.96,0.06,134.33,0.0,0.0,1.0,0.0,11.0,7.0,23.0,18.0,5.0,b'false'
11.0,3.0,1.0,1.0,49.0,215.22,0.07,14.67,14.67,3156.61,0.07,175.37,0.0,0.0,1.0,0.0,12.0,9.0,27.0,22.0,5.0,b'false'
4.0,1.0,1.0,1.0,13.0,39.0,0.33,3.0,13.0,117.0,0.01,6.5,0.0,0.0,0.0,0.0,4.0,4.0,7.0,6.0,1.0,b'false'
3.0,1.0,1.0,1.0,7.0,19.65,0.4,2.5,7.86,49.13,0.01,2.73,0.0,0.0,0.0,0.0,5.0,2.0,5.0,2.0,1.0,b'false'
12.0,3.0,1.0,1.0,51.0,227.43,0.1,10.42,21.83,2369.07,0.08,131.62,0.0,0.0,1.0,0.0,10.0,12.0,26.0,25.0,5.0,b'false'
31.0,4.0,1.0,2.0,141.0,829.45,0.05,21.52,38.55,17846.19,0.28,991.46,1.0,19.0,15.0,0.0,27.0,32.0,90.0,51.0,7.0,b'true'
29.0,5.0,1.0,3.0,111.0,641.73,0.08,12.33,52.03,7914.68,0.21,439.7,4.0,22.0,27.0,0.0,22.0,33.0,74.0,37.0,9.0,b'true'
71.0,10.0,8.0,9.0,211.0,1251.39,0.04,27.11,46.15,33930.43,0.42,1885.02,6.0,45.0,30.0,0.0,26.0,35.0,138.0,73.0,19.0,b'true'
15.0,2.0,1.0,2.0,74.0,385.5,0.07,14.25,27.05,5493.37,0.13,305.19,0.0,7.0,9.0,0.0,19.0,18.0,47.0,27.0,3.0,b'true'
33.0,6.0,1.0,5.0,172.0,989.84,0.05,18.46,53.63,18269.63,0.33,1014.98,7.0,30.0,31.0,0.0,19.0,35.0,104.0,68.0,11.0,b'true'
92.0,4.0,1.0,4.0,822.0,6234.84,0.04,26.64,234.02,166113.93,2.08,9228.55,7.0,46.0,62.0,0.0,24.0,168.0,449.0,373.0,7.0,b'true'
44.0,7.0,1.0,7.0,269.0,1746.31,0.05,22.12,78.96,38620.28,0.58,2145.57,6.0,14.0,36.0,0.0,25.0,65.0,154.0,115.0,13.0,b'true'
143.0,13.0,1.0,12.0,695.0,4996.93,0.04,28.52,175.18,142535.33,1.67,7918.63,11.0,57.0,93.0,0.0,24.0,122.0,405.0,290.0,25.0,b'true'
196.0,37.0,21.0,26.0,1177.0,9135.35,0.01,71.54,127.7,653537.1,3.05,36307.62,14.0,170.0,155.0,0.0,52.0,165.0,723.0,454.0,71.0,b'true'
12.0,1.0,1.0,1.0,37.0,159.91,0.11,9.0,17.77,1439.2,0.05,79.96,0.0,1.0,7.0,0.0,12.0,8.0,25.0,12.0,1.0,b'true'
12.0,1.0,1.0,1.0,37.0,159.91,0.11,9.0,17.77,1439.2,0.05,79.96,0.0,1.0,7.0,0.0,12.0,8.0,25.0,12.0,1.0,b'true'
133.0,30.0,1.0,26.0,605.0,4185.91,0.01,77.46,54.04,324260.81,1.4,18014.49,3.0,91.0,55.0,0.0,50.0,71.0,385.0,220.0,34.0,b'true'
28.0,3.0,1.0,2.0,104.0,557.19,0.07,15.24,36.57,8490.44,0.19,471.69,0.0,11.0,9.0,0.0,20.0,21.0,72.0,32.0,5.0,b'true'
91.0,20.0,9.0,4.0,568.0,3740.26,0.02,51.47,72.67,192513.32,1.25,10695.18,20.0,96.0,46.0,0.0,28.0,68.0,318.0,250.0,39.0,b'true'
41.0,4.0,3.0,3.0,129.0,745.8,0.08,13.19,56.52,9840.36,0.25,546.69,0.0,12.0,1.0,0.0,19.0,36.0,79.0,50.0,7.0,b'true'
149.0,20.0,1.0,18.0,702.0,5081.36,0.03,29.58,171.78,150305.78,1.69,8350.32,0.0,62.0,10.0,0.0,32.0,119.0,482.0,220.0,37.0,b'true'
411.0,73.0,30.0,41.0,1500.0,12749.77,0.02,43.41,293.68,553518.63,4.25,30751.03,45.0,339.0,42.0,0.0,48.0,314.0,932.0,568.0,141.0,b'true'
121.0,15.0,3.0,12.0,537.0,3817.28,0.04,23.26,164.09,88801.93,1.27,4933.44,3.0,29.0,16.0,0.0,24.0,114.0,316.0,221.0,29.0,b'true'
130.0,20.0,9.0,10.0,607.0,4282.56,0.02,51.6,83.0,220979.91,1.43,12276.66,23.0,65.0,12.0,0.0,38.0,95.0,349.0,258.0,37.0,b'true'
79.0,12.0,4.0,6.0,201.0,1227.81,0.07,13.73,89.42,16858.82,0.41,936.6,14.0,78.0,2.0,0.0,17.0,52.0,117.0,84.0,23.0,b'true'
57.0,9.0,1.0,7.0,213.0,1318.43,0.03,29.27,45.05,38588.27,0.44,2143.79,6.0,7.0,6.0,0.0,32.0,41.0,138.0,75.0,15.0,b'true'
49.0,7.0,1.0,5.0,229.0,1341.48,0.07,13.6,98.6,18250.34,0.45,1013.91,6.0,4.0,3.0,0.0,15.0,43.0,151.0,78.0,13.0,b'true'
58.0,10.0,5.0,1.0,187.0,1038.71,0.03,33.52,30.99,34816.7,0.35,1934.26,6.0,6.0,9.0,0.0,21.0,26.0,104.0,83.0,19.0,b'true'
28.0,3.0,1.0,3.0,148.0,835.29,0.05,18.67,44.75,15592.09,0.28,866.23,2.0,11.0,40.0,0.0,20.0,30.0,92.0,56.0,5.0,b'true'
13.0,3.0,1.0,3.0,38.0,164.23,0.14,7.33,22.4,1204.38,0.05,66.91,2.0,0.0,0.0,0.0,11.0,9.0,26.0,12.0,5.0,b'true'
71.0,8.0,1.0,7.0,307.0,1993.0,0.05,21.94,90.85,43721.41,0.66,2428.97,6.0,39.0,25.0,0.0,26.0,64.0,199.0,108.0,15.0,b'true'
22.0,2.0,1.0,2.0,114.0,575.06,0.06,15.43,37.27,8872.37,0.19,492.91,1.0,19.0,27.0,0.0,12.0,21.0,60.0,54.0,3.0,b'true'
22.0,5.0,5.0,3.0,84.0,440.83,0.08,12.55,35.13,5531.32,0.15,307.3,0.0,17.0,9.0,0.0,17.0,21.0,53.0,31.0,9.0,b'true'
59.0,7.0,1.0,7.0,349.0,2318.71,0.05,22.14,104.75,51324.87,0.77,2851.38,16.0,23.0,32.0,0.0,26.0,74.0,223.0,126.0,13.0,b'true'
19.0,1.0,1.0,1.0,118.0,561.08,0.08,12.0,46.76,6732.92,0.19,374.05,1.0,3.0,10.0,0.0,8.0,19.0,61.0,57.0,1.0,b'true'
89.0,24.0,9.0,19.0,402.0,2603.24,0.02,47.6,54.69,123914.45,0.87,6884.14,4.0,62.0,30.0,0.0,34.0,55.0,248.0,154.0,32.0,b'true'
32.0,4.0,1.0,4.0,121.0,648.26,0.05,18.57,34.91,12037.08,0.22,668.73,3.0,24.0,13.0,0.0,19.0,22.0,78.0,43.0,7.0,b'true'
74.0,11.0,11.0,9.0,354.0,2274.9,0.03,36.74,61.92,83581.43,0.76,4643.41,7.0,28.0,31.0,0.0,32.0,54.0,230.0,124.0,21.0,b'true'
32.0,4.0,1.0,4.0,117.0,574.11,0.04,22.75,25.24,13060.92,0.19,725.61,0.0,4.0,17.0,0.0,14.0,16.0,65.0,52.0,5.0,b'true'
107.0,18.0,9.0,10.0,516.0,3366.16,0.02,64.92,51.85,218524.86,1.12,12140.27,9.0,73.0,51.0,0.0,37.0,55.0,323.0,193.0,35.0,b'true'
7.0,1.0,1.0,1.0,30.0,122.62,0.18,5.63,21.8,689.76,0.04,38.32,0.0,0.0,0.0,0.0,9.0,8.0,20.0,10.0,1.0,b'true'
19.0,3.0,1.0,1.0,85.0,439.44,0.1,9.64,45.57,4237.49,0.15,235.42,2.0,22.0,12.0,0.0,15.0,21.0,58.0,27.0,5.0,b'true'
18.0,3.0,1.0,3.0,60.0,297.25,0.11,9.47,31.39,2815.15,0.1,156.4,3.0,34.0,14.0,0.0,14.0,17.0,37.0,23.0,5.0,b'true'
22.0,3.0,1.0,3.0,81.0,439.53,0.09,11.08,39.66,4871.43,0.15,270.63,3.0,11.0,10.0,0.0,19.0,24.0,53.0,28.0,5.0,b'true'
20.0,3.0,1.0,3.0,64.0,330.88,0.1,10.5,31.51,3474.19,0.11,193.01,2.0,19.0,8.0,0.0,18.0,18.0,43.0,21.0,5.0,b'true'
8.0,1.0,1.0,1.0,24.0,103.73,0.2,5.0,20.75,518.63,0.03,28.81,0.0,7.0,7.0,0.0,10.0,10.0,14.0,10.0,1.0,b'true'
44.0,8.0,4.0,7.0,159.0,971.26,0.08,13.06,74.36,12685.78,0.32,704.77,2.0,31.0,10.0,0.0,20.0,49.0,95.0,64.0,15.0,b'true'
91.0,18.0,7.0,16.0,591.0,4176.06,0.05,21.41,195.05,89412.4,1.39,4967.36,4.0,18.0,4.0,0.0,22.0,112.0,373.0,218.0,35.0,b'true'
47.0,3.0,1.0,3.0,256.0,1563.78,0.04,28.0,55.85,43785.9,0.52,2432.55,2.0,13.0,2.0,0.0,23.0,46.0,144.0,112.0,5.0,b'true'
24.0,4.0,3.0,3.0,107.0,587.63,0.05,19.13,30.72,11241.58,0.2,624.53,1.0,7.0,4.0,0.0,22.0,23.0,67.0,40.0,7.0,b'true'
82.0,11.0,3.0,10.0,475.0,3155.83,0.02,44.71,70.59,141084.24,1.05,7838.01,9.0,59.0,35.0,0.0,32.0,68.0,285.0,190.0,21.0,b'true'
10.0,2.0,1.0,1.0,32.0,150.41,0.15,6.5,23.14,977.69,0.05,54.32,1.0,12.0,4.0,0.0,13.0,13.0,19.0,13.0,3.0,b'true'
28.0,6.0,5.0,5.0,104.0,564.33,0.06,16.09,35.08,9078.38,0.19,504.35,2.0,7.0,0.0,0.0,20.0,23.0,67.0,37.0,11.0,b'true'
